,pv_pred,load_pred,price_pred
2019-05-01 00:00:00,0.0,0.19725,0.4090276
2019-05-01 01:00:00,0.0,0.19991666666666666,0.3359563
2019-05-01 02:00:00,0.0,0.1795,0.3382096
2019-05-01 03:00:00,0.0,0.18416666666666665,0.41847
2019-05-01 04:00:00,0.0,0.1815,0.4605316
2019-05-01 05:00:00,0.0,0.22791666666666666,0.4696521
2019-05-01 06:00:00,0.018,0.3406666666666667,0.5469081
2019-05-01 07:00:00,0.2859166666666667,0.3678333333333333,0.5831755
2019-05-01 08:00:00,0.73125,0.3671666666666667,0.5867164
2019-05-01 09:00:00,1.2965,0.6939166666666666,0.5832828
2019-05-01 10:00:00,1.4569166666666666,0.7415833333333334,0.5984121
2019-05-01 11:00:00,1.5160833333333332,1.0541666666666667,0.5950858
2019-05-01 12:00:00,1.32225,0.3756666666666667,0.5972318
2019-05-01 13:00:00,1.4799166666666668,0.8759166666666667,0.5973391
2019-05-01 14:00:00,1.16825,0.6036666666666666,0.5795273
2019-05-01 15:00:00,0.9339166666666666,0.3395,0.5648272
2019-05-01 16:00:00,1.45525,0.349,0.5591403
2019-05-01 17:00:00,0.92075,1.4395,0.5471227
2019-05-01 18:00:00,0.35325,0.64625,0.5589257
2019-05-01 19:00:00,0.00175,0.3929166666666667,0.5818879
2019-05-01 20:00:00,0.0,0.3775833333333333,0.6084983
2019-05-01 21:00:00,0.0,0.29325,0.5966953
2019-05-01 22:00:00,0.0,0.207,0.5771667
2019-05-01 23:00:00,0.0,0.21316666666666667,0.5754499
2019-05-02 00:00:00,0.0,0.21366666666666664,0.4852106
2019-05-02 01:00:00,0.0,0.20808333333333334,0.4702959
2019-05-02 02:00:00,0.0,0.19325,0.4642871
2019-05-02 03:00:00,0.0,0.21458333333333335,0.4665404
2019-05-02 04:00:00,0.0,0.19741666666666666,0.4874639
2019-05-02 05:00:00,8.333333333333333e-05,0.2605,0.4899318
2019-05-02 06:00:00,0.13833333333333334,0.3050833333333333,0.4973355
2019-05-02 07:00:00,0.3016666666666667,0.201,0.4986231
2019-05-02 08:00:00,0.975,0.5541666666666666,0.5437964
2019-05-02 09:00:00,1.6691666666666667,0.7353333333333334,0.5512001
2019-05-02 10:00:00,2.19875,0.74725,0.5610717
2019-05-02 11:00:00,2.5516666666666663,0.21533333333333335,0.5593549
2019-05-02 12:00:00,2.7184166666666667,0.64575,0.5589257
2019-05-02 13:00:00,2.753,0.6948333333333334,0.5554921
2019-05-02 14:00:00,2.6445,0.6271666666666667,0.4661112
2019-05-02 15:00:00,2.3946666666666667,0.4915833333333333,0.4564542
2019-05-02 16:00:00,1.9818333333333333,1.7284166666666667,0.4347796
2019-05-02 17:00:00,1.2353333333333332,0.9441666666666666,0.4500162
2019-05-02 18:00:00,0.3825,0.555,0.4629995
2019-05-02 19:00:00,0.04075,0.56975,0.5642907
2019-05-02 20:00:00,0.0,0.3749166666666667,0.603026
2019-05-02 21:00:00,0.0,0.35925,0.5999143
2019-05-02 22:00:00,0.0,0.261,0.5754499
2019-05-02 23:00:00,0.0,0.20316666666666666,0.5205123
2019-05-03 00:00:00,0.0,0.20133333333333334,0.4554885
2019-05-03 01:00:00,0.0,0.19875,0.4405738
2019-05-03 02:00:00,0.0,0.19875,0.4408957
2019-05-03 03:00:00,0.0,0.19641666666666666,0.4316679
2019-05-03 04:00:00,0.0,0.19366666666666665,0.4486213
2019-05-03 05:00:00,0.0,0.26058333333333333,0.5507709
2019-05-03 06:00:00,0.08058333333333333,0.4020833333333333,0.5763083
2019-05-03 07:00:00,0.26466666666666666,0.20125,0.62234
2019-05-03 08:00:00,0.99225,0.5735,0.6328554
2019-05-03 09:00:00,1.6235,0.7466666666666666,0.6162239
2019-05-03 10:00:00,1.8091666666666668,0.7476666666666666,0.6071034
2019-05-03 11:00:00,1.91425,0.2145,0.6100005
2019-05-03 12:00:00,0.6968333333333334,0.20191666666666666,0.6106443
2019-05-03 13:00:00,0.9385833333333333,0.3443333333333333,0.6056012
2019-05-03 14:00:00,0.91975,0.7355833333333334,0.5942274
2019-05-03 15:00:00,0.3216666666666667,0.26908333333333334,0.584785
2019-05-03 16:00:00,0.1805,1.3774166666666667,0.5631104
2019-05-03 17:00:00,0.17025,0.29183333333333333,0.5724455
2019-05-03 18:00:00,0.06425,0.23541666666666666,0.5827463
2019-05-03 19:00:00,0.0,0.2535833333333333,0.5919741
2019-05-03 20:00:00,0.0,0.347,0.6128976
2019-05-03 21:00:00,0.0,0.3733333333333333,0.5999143
2019-05-03 22:00:00,0.0,0.9691666666666666,0.5718017
2019-05-03 23:00:00,0.0,0.2515833333333333,0.5462643
2019-05-04 00:00:00,0.0,0.5635833333333333,0.477485
2019-05-04 01:00:00,0.0,0.21841666666666665,0.4576345
2019-05-04 02:00:00,0.0,0.4974166666666667,0.4478702
2019-05-04 03:00:00,0.0,0.3120833333333333,0.4484067
2019-05-04 04:00:00,0.0,0.20666666666666667,0.456025
2019-05-04 05:00:00,0.0,0.35691666666666666,0.5133232
2019-05-04 06:00:00,0.14516666666666667,0.22641666666666665,0.5975537
2019-05-04 07:00:00,0.43141666666666667,0.21883333333333335,0.6501307
2019-05-04 08:00:00,0.38375,0.3486666666666667,0.6372547
2019-05-04 09:00:00,0.43725,0.38125,0.6113954
2019-05-04 10:00:00,0.7541666666666667,0.432,0.5974464
2019-05-04 11:00:00,1.5564166666666668,0.7345,0.5728747
2019-05-04 12:00:00,1.2233333333333332,0.7989166666666666,0.5698703
2019-05-04 13:00:00,0.9268333333333334,0.21925,0.5422942
2019-05-04 14:00:00,0.187,0.20983333333333334,0.5352124
2019-05-04 15:00:00,0.3395833333333333,0.20416666666666666,0.5292036
2019-05-04 16:00:00,0.15616666666666665,0.2495,0.4939019
2019-05-04 17:00:00,0.011583333333333334,1.3196666666666668,0.4676134
2019-05-04 18:00:00,0.08075,0.35891666666666666,0.50431
2019-05-04 19:00:00,0.03925,0.2843333333333333,0.5283452
2019-05-04 20:00:00,0.0,0.37125,0.5746988
2019-05-04 21:00:00,0.0,0.7359166666666667,0.5814587
2019-05-04 22:00:00,0.0,0.7221666666666666,0.521478
2019-05-04 23:00:00,0.0,0.7235833333333334,0.4559177
2019-05-05 00:00:00,0.0,0.71725,0.4357453
2019-05-05 01:00:00,0.0,0.7194166666666666,0.4186846
2019-05-05 02:00:00,0.0,0.71075,0.4116028
2019-05-05 03:00:00,0.0,0.72025,0.4078473
2019-05-05 04:00:00,0.0,0.7220833333333334,0.4290927
2019-05-05 05:00:00,0.0,0.74775,0.453879
2019-05-05 06:00:00,0.11733333333333333,0.27216666666666667,0.5652564
2019-05-05 07:00:00,0.3515833333333333,0.34375,0.6123611
2019-05-05 08:00:00,0.7356666666666666,0.413,0.6001289
2019-05-05 09:00:00,0.6658333333333334,0.23416666666666666,0.5616082
2019-05-05 10:00:00,0.538,0.20475,0.5399336
2019-05-05 11:00:00,0.7725,0.4008333333333333,0.5510928
2019-05-05 12:00:00,1.3363333333333332,0.29083333333333333,0.5653637
2019-05-05 13:00:00,0.7526666666666666,0.6011666666666666,0.5452986
2019-05-05 14:00:00,0.70075,0.39258333333333334,0.5459424
2019-05-05 15:00:00,0.5785833333333333,0.5335,0.5404701
2019-05-05 16:00:00,0.24091666666666667,0.4235,0.5421869
2019-05-05 17:00:00,0.07075,0.22408333333333336,0.5045246
2019-05-05 18:00:00,0.010666666666666666,0.21775,0.5428307
2019-05-05 19:00:00,0.0,0.21816666666666665,0.5754499
2019-05-05 20:00:00,0.0,0.21458333333333335,0.609464
2019-05-05 21:00:00,0.0,0.204,0.598734
2019-05-05 22:00:00,0.0,0.24,0.5741623
2019-05-05 23:00:00,0.0,0.22108333333333335,0.5624666
2019-05-06 00:00:00,0.0,0.20325,0.5117137
2019-05-06 01:00:00,0.0,0.21275,0.4798456
2019-05-06 02:00:00,0.0,0.20933333333333334,0.4782361
2019-05-06 03:00:00,0.0,0.20533333333333334,0.4884296
2019-05-06 04:00:00,0.0,0.204,0.4910048
2019-05-06 05:00:00,0.0,0.22358333333333336,0.4983012
2019-05-06 06:00:00,0.0,0.21091666666666667,0.5044173
2019-05-06 07:00:00,0.0,0.20041666666666666,0.5410066
2019-05-06 08:00:00,0.0,0.22025,0.5604279
2019-05-06 09:00:00,0.0,0.4116666666666667,0.5760937
2019-05-06 10:00:00,0.0,1.1140833333333333,0.5941201
2019-05-06 11:00:00,0.0010833333333333333,0.6874166666666667,0.5960515
2019-05-06 12:00:00,0.0013333333333333333,0.7518333333333334,0.6023822
2019-05-06 13:00:00,0.0,2.4003333333333337,0.5970172
2019-05-06 14:00:00,0.0015,1.1925,0.5650418
2019-05-06 15:00:00,0.00025,0.56875,0.5509855
2019-05-06 16:00:00,0.002,0.45775,0.5669732
2019-05-06 17:00:00,0.00016666666666666666,1.1935,0.5699776
2019-05-06 18:00:00,0.0,1.1265833333333333,0.5639688
2019-05-06 19:00:00,0.0,0.5153333333333334,0.5916522
2019-05-06 20:00:00,0.0,0.73875,0.6167604
2019-05-06 21:00:00,0.0,0.8079166666666666,0.6056012
2019-05-06 22:00:00,0.0,0.336,0.5916522
2019-05-06 23:00:00,0.0,0.20616666666666666,0.595515
2019-05-07 00:00:00,0.0,0.20275,0.5870383
2019-05-07 01:00:00,0.0,0.20733333333333334,0.5509855
2019-05-07 02:00:00,0.0,0.2986666666666667,0.5434745
2019-05-07 03:00:00,0.0,0.45508333333333334,0.5448694
2019-05-07 04:00:00,0.0,0.20375,0.563325
2019-05-07 05:00:00,0.0,0.24716666666666665,0.5819952
2019-05-07 06:00:00,0.0,0.3426666666666667,0.5716944
2019-05-07 07:00:00,0.0011666666666666668,0.21241666666666667,0.5782397
2019-05-07 08:00:00,0.02733333333333333,0.221,0.6120392
2019-05-07 09:00:00,0.07091666666666667,0.21275,0.5990559
2019-05-07 10:00:00,0.176,0.21125,0.6119319
2019-05-07 11:00:00,0.19591666666666666,0.22541666666666665,0.6134341
2019-05-07 12:00:00,0.6435,0.386,0.6251298
2019-05-07 13:00:00,0.9288333333333334,0.6704166666666667,0.6271685
2019-05-07 14:00:00,1.4603333333333333,0.7225,0.6097859
2019-05-07 15:00:00,1.0645833333333332,0.21783333333333335,0.5897208
2019-05-07 16:00:00,1.0590833333333332,0.21641666666666665,0.5853215
2019-05-07 17:00:00,1.44475,0.7324166666666666,0.6043136
2019-05-07 18:00:00,0.45825,0.29841666666666666,0.5897208
2019-05-07 19:00:00,0.021333333333333333,0.338,0.6117173
2019-05-07 20:00:00,0.0,0.2875833333333333,0.6463752
2019-05-07 21:00:00,0.0,0.47883333333333333,0.642727
2019-05-07 22:00:00,0.0,0.35033333333333333,0.6237349
2019-05-07 23:00:00,0.0,0.22025,0.6626848
2019-05-08 00:00:00,0.0,0.21116666666666667,0.6625775
2019-05-08 01:00:00,0.0,0.20783333333333334,0.6559249
2019-05-08 02:00:00,0.0,0.19541666666666666,0.6632213
2019-05-08 03:00:00,0.0,0.21225,0.6650454
2019-05-08 04:00:00,0.0,0.20666666666666667,0.6646162
2019-05-08 05:00:00,0.017583333333333333,0.24333333333333335,0.6618264
2019-05-08 06:00:00,0.15991666666666665,0.32625,0.6730929
2019-05-08 07:00:00,0.48091666666666666,0.20558333333333334,0.6975573
2019-05-08 08:00:00,1.1176666666666668,0.5453333333333333,0.7008836
2019-05-08 09:00:00,1.8309166666666667,0.737,0.7069997
2019-05-08 10:00:00,2.1263333333333336,0.3026666666666667,0.711399
2019-05-08 11:00:00,2.52625,0.21341666666666664,0.7159056
2019-05-08 12:00:00,2.6545833333333335,0.3000833333333333,0.7087165
2019-05-08 13:00:00,2.8718333333333335,0.7329166666666667,0.6892952
2019-05-08 14:00:00,2.477,0.20816666666666667,0.6754535
2019-05-08 15:00:00,1.96875,0.20075,0.6780287
2019-05-08 16:00:00,1.0454166666666667,0.20183333333333334,0.677063
2019-05-08 17:00:00,0.5708333333333334,1.2796666666666667,0.67599
2019-05-08 18:00:00,0.26208333333333333,0.2808333333333333,0.6940164
2019-05-08 19:00:00,0.02275,0.21041666666666667,0.7162275
2019-05-08 20:00:00,0.0,0.20908333333333334,0.7292108
2019-05-08 21:00:00,0.0,0.22591666666666665,0.7230947
2019-05-08 22:00:00,0.0,0.205,0.6847886
2019-05-08 23:00:00,0.0,0.19675,0.685647
2019-05-09 00:00:00,0.0,0.20666666666666667,0.6795309
2019-05-09 01:00:00,0.0,0.2005,0.6718053
2019-05-09 02:00:00,0.0,0.18816666666666665,0.6734148
2019-05-09 03:00:00,0.0,0.20166666666666666,0.6725564
2019-05-09 04:00:00,0.0,0.19525,0.6739513
2019-05-09 05:00:00,0.0,0.24225,0.6812477
2019-05-09 06:00:00,0.050583333333333334,0.3484166666666667,0.6879003
2019-05-09 07:00:00,0.23666666666666666,0.21066666666666667,0.7295327
2019-05-09 08:00:00,0.54925,0.2125,0.7257772
2019-05-09 09:00:00,0.754,0.3825,0.7165494
2019-05-09 10:00:00,1.0329166666666667,0.7508333333333334,0.7203049
2019-05-09 11:00:00,0.768,1.4635,0.7184808
2019-05-09 12:00:00,0.6955,0.8178333333333334,0.707107
2019-05-09 13:00:00,0.4963333333333333,1.80275,0.7059267
2019-05-09 14:00:00,0.5320833333333334,1.1139166666666667,0.689939
2019-05-09 15:00:00,0.33325,1.9090833333333332,0.6784579
2019-05-09 16:00:00,0.19475,0.24533333333333335,0.6730929
2019-05-09 17:00:00,0.0725,0.20991666666666667,0.6472336
2019-05-09 18:00:00,0.0,0.20766666666666667,0.6518475
2019-05-09 19:00:00,0.0,0.3445833333333333,0.6859689
2019-05-09 20:00:00,0.0,0.4360833333333333,0.7122574
2019-05-09 21:00:00,0.0,0.8396666666666667,0.7077508
2019-05-09 22:00:00,0.0,0.643,0.6704104
2019-05-09 23:00:00,0.0,0.20783333333333334,0.6642943
2019-05-10 00:00:00,0.0,0.20425,0.6603242
2019-05-10 01:00:00,0.0,0.2065,0.6280269
2019-05-10 02:00:00,0.0,0.1895,0.6248079
2019-05-10 03:00:00,0.0,0.19558333333333333,0.6272758
2019-05-10 04:00:00,0.0,0.6165,0.6377912
2019-05-10 05:00:00,0.0,0.24516666666666664,0.6729856
2019-05-10 06:00:00,0.16658333333333333,0.3893333333333333,0.6872565
2019-05-10 07:00:00,0.348,0.2005,0.6972354
2019-05-10 08:00:00,0.5855833333333333,0.22091666666666665,0.7068924
2019-05-10 09:00:00,1.0421666666666667,0.6433333333333334,0.704961
2019-05-10 10:00:00,0.9403333333333334,0.5638333333333334,0.7020639
2019-05-10 11:00:00,2.0141666666666667,0.3753333333333333,0.7094676
2019-05-10 12:00:00,1.826,0.7478333333333333,0.702815
2019-05-10 13:00:00,3.0048333333333335,0.3075833333333333,0.6951967
2019-05-10 14:00:00,2.8286666666666664,0.20125,0.6857543
2019-05-10 15:00:00,0.7081666666666666,0.20358333333333334,0.6795309
2019-05-10 16:00:00,1.1446666666666667,0.5964166666666666,0.6676206
2019-05-10 17:00:00,1.3334166666666667,0.7803333333333333,0.6468044
2019-05-10 18:00:00,0.2795833333333333,0.2743333333333333,0.648092
2019-05-10 19:00:00,0.015416666666666665,0.4945833333333333,0.6874711
2019-05-10 20:00:00,0.0,0.40066666666666667,0.7067851
2019-05-10 21:00:00,0.0,0.3293333333333333,0.6906901
2019-05-10 22:00:00,0.0,0.23733333333333334,0.6213743
2019-05-10 23:00:00,0.0,0.22333333333333336,0.5578527
2019-05-11 00:00:00,0.0,0.2085,0.5294182
2019-05-11 01:00:00,0.0,0.19666666666666666,0.5029151
2019-05-11 02:00:00,0.0,0.19616666666666666,0.4974428
2019-05-11 03:00:00,0.0,0.20708333333333334,0.4975501
2019-05-11 04:00:00,0.0,0.1975,0.5038808
2019-05-11 05:00:00,0.0,0.23925,0.5563505
2019-05-11 06:00:00,0.08441666666666667,0.3150833333333333,0.5958369
2019-05-11 07:00:00,0.4664166666666667,0.2905,0.6720199
2019-05-11 08:00:00,0.91975,0.5293333333333333,0.6827499
2019-05-11 09:00:00,1.08425,0.9014166666666666,0.6798528
2019-05-11 10:00:00,0.6601666666666667,0.4409166666666667,0.6833937
2019-05-11 11:00:00,0.90775,0.602,0.6909047
2019-05-11 12:00:00,1.39675,1.7206666666666668,0.6948748
2019-05-11 13:00:00,1.76325,2.1838333333333333,0.7050683
2019-05-11 14:00:00,1.9944166666666667,0.7260833333333334,0.6946602
2019-05-11 15:00:00,2.0646666666666667,0.7238333333333333,0.6983084
2019-05-11 16:00:00,1.70525,0.2965,0.6997033
2019-05-11 17:00:00,0.6805833333333333,0.3115833333333333,0.6826426
2019-05-11 18:00:00,0.2714166666666667,0.2505,0.6744878
2019-05-11 19:00:00,0.02766666666666667,0.19191666666666665,0.7256699
2019-05-11 20:00:00,0.0,0.5265,0.7501343
2019-05-11 21:00:00,0.0,0.51025,0.7427306
2019-05-11 22:00:00,0.0,0.3171666666666667,0.7057121
2019-05-11 23:00:00,0.0,0.22316666666666665,0.722129
2019-05-12 00:00:00,0.0,0.21183333333333335,0.7168713
2019-05-12 01:00:00,0.0,0.201,0.6991668
2019-05-12 02:00:00,0.0,0.19941666666666666,0.6828572
2019-05-12 03:00:00,0.0,0.2145,0.6773849
2019-05-12 04:00:00,0.0,0.3451666666666667,0.6748097
2019-05-12 05:00:00,0.01825,0.31908333333333333,0.6926215
2019-05-12 06:00:00,0.1375,0.273,0.6978792
2019-05-12 07:00:00,0.4315833333333333,0.56125,0.7249188
2019-05-12 08:00:00,0.36775,0.2613333333333333,0.7220217
2019-05-12 09:00:00,0.33008333333333334,0.276,0.7107552
2019-05-12 10:00:00,0.49041666666666667,0.32208333333333333,0.7042099
2019-05-12 11:00:00,0.56775,1.3743333333333332,0.7023858
2019-05-12 12:00:00,1.02225,0.62975,0.6935872
2019-05-12 13:00:00,1.27925,0.7248333333333333,0.6906901
2019-05-12 14:00:00,0.98425,1.6805,0.679209
2019-05-12 15:00:00,1.0780833333333333,0.8771666666666667,0.6760973
2019-05-12 16:00:00,0.597,1.33925,0.6751316
2019-05-12 17:00:00,0.43041666666666667,0.2906666666666667,0.6740586
2019-05-12 18:00:00,0.032,0.29933333333333334,0.6753462
2019-05-12 19:00:00,0.0,0.7540833333333333,0.7123647
2019-05-12 20:00:00,0.0,1.4415,0.7281378
2019-05-12 21:00:00,0.0,0.2845,0.7059267
2019-05-12 22:00:00,0.0,0.721,0.6843594
2019-05-12 23:00:00,0.0,0.7054166666666666,0.7067851
2019-05-13 00:00:00,0.0,0.22858333333333333,0.6987376
2019-05-13 01:00:00,0.0,0.22616666666666665,0.6901536
2019-05-13 02:00:00,0.0,0.21641666666666665,0.6897244
2019-05-13 03:00:00,0.0,0.211,0.6648308
2019-05-13 04:00:00,0.0,0.2,0.6450876
2019-05-13 05:00:00,0.0,0.25083333333333335,0.6365036
2019-05-13 06:00:00,0.022416666666666668,0.26975,0.6430489
2019-05-13 07:00:00,0.2738333333333333,0.39258333333333334,0.6543154
2019-05-13 08:00:00,0.928,0.4978333333333333,0.6360744
2019-05-13 09:00:00,1.6709166666666668,0.77125,0.6042063
2019-05-13 10:00:00,0.6659166666666666,0.8461666666666666,0.562252
2019-05-13 11:00:00,1.9248333333333332,1.0551666666666668,0.5277014
2019-05-13 12:00:00,1.9654166666666668,2.68175,0.4855325
2019-05-13 13:00:00,2.1783333333333337,0.9409166666666666,0.4722273
2019-05-13 14:00:00,1.19825,1.9183333333333332,0.4101006
2019-05-13 15:00:00,1.3575,1.4504166666666667,0.3782325
2019-05-13 16:00:00,0.6869166666666666,1.0751666666666668,0.3618156
2019-05-13 17:00:00,0.166,0.42675,0.379842
2019-05-13 18:00:00,0.02308333333333333,0.5105833333333333,0.4181481
2019-05-13 19:00:00,0.0,0.4438333333333333,0.4716908
2019-05-13 20:00:00,0.0,0.4021666666666667,0.500018
2019-05-13 21:00:00,0.0,0.399,0.4976574
2019-05-13 22:00:00,0.0,0.2535833333333333,0.4761974
2019-05-13 23:00:00,0.0,0.22625,0.474266
2019-05-14 00:00:00,0.0,0.21625,0.4684718
2019-05-14 01:00:00,0.0,0.21983333333333335,0.4640725
2019-05-14 02:00:00,0.0,0.21633333333333335,0.4494797
2019-05-14 03:00:00,0.0,0.6140833333333334,0.4595659
2019-05-14 04:00:00,0.0,0.2445,0.4676134
2019-05-14 05:00:00,0.00925,0.25466666666666665,0.4623557
2019-05-14 06:00:00,0.12483333333333332,0.5045833333333333,0.4502308
2019-05-14 07:00:00,0.42175,0.8655833333333334,0.4734076
2019-05-14 08:00:00,1.0664166666666668,0.4995833333333333,0.4859617
2019-05-14 09:00:00,1.6751666666666667,0.8600833333333334,0.4563469
2019-05-14 10:00:00,2.3715,0.7639166666666666,0.4625703
2019-05-14 11:00:00,2.3881666666666663,0.3524166666666667,0.4619265
2019-05-14 12:00:00,1.3219166666666669,0.22075,0.4617119
2019-05-14 13:00:00,1.0599166666666668,0.22508333333333333,0.4685791
2019-05-14 14:00:00,0.6463333333333334,0.2905833333333333,0.3499053
2019-05-14 15:00:00,0.7799166666666666,0.42991666666666667,0.2721128
2019-05-14 16:00:00,0.6065,0.364,0.2730785
2019-05-14 17:00:00,0.4855,0.269,0.3311278
2019-05-14 18:00:00,0.21791666666666665,0.22683333333333333,0.4543082
2019-05-14 19:00:00,0.04525,0.3185,0.4919705
2019-05-14 20:00:00,0.0,0.4446666666666667,0.6565687
2019-05-14 21:00:00,0.0,0.3055833333333333,0.6665476
2019-05-14 22:00:00,0.0,0.2155,0.6537789
2019-05-14 23:00:00,0.0,0.21991666666666665,0.6765265
2019-05-15 00:00:00,0.0,0.21966666666666665,0.6334992
2019-05-15 01:00:00,0.0,0.21408333333333335,0.5939055
2019-05-15 02:00:00,0.0,0.20141666666666666,0.5823171
2019-05-15 03:00:00,0.0,0.20925,0.5800638
2019-05-15 04:00:00,0.0,0.21825,0.5930471
2019-05-15 05:00:00,0.006416666666666667,0.32866666666666666,0.6649381
2019-05-15 06:00:00,0.0885,0.26475,0.6639724
2019-05-15 07:00:00,0.28375,0.21025,0.6873638
2019-05-15 08:00:00,1.1506666666666667,0.6183333333333334,0.6699812
2019-05-15 09:00:00,1.8420833333333333,0.758,0.647019
2019-05-15 10:00:00,2.387,0.5176666666666666,0.6407956
2019-05-15 11:00:00,2.7915,0.21491666666666664,0.6525986
2019-05-15 12:00:00,3.0029166666666667,0.23091666666666666,0.6550665
2019-05-15 13:00:00,2.8028333333333335,0.22725,0.6562468
2019-05-15 14:00:00,2.8195,0.22225,0.6392934
2019-05-15 15:00:00,2.58475,0.2805,0.6360744
2019-05-15 16:00:00,1.6430833333333332,0.7876666666666666,0.6347868
2019-05-15 17:00:00,1.3615833333333334,0.261,0.6383277
2019-05-15 18:00:00,0.5301666666666667,0.21108333333333335,0.6374693
2019-05-15 19:00:00,0.10041666666666667,0.21375,0.6697666
2019-05-15 20:00:00,0.0,0.21691666666666665,0.6848959
2019-05-15 21:00:00,0.0,0.21825,0.6742732
2019-05-15 22:00:00,0.0,0.21616666666666665,0.6355379
2019-05-15 23:00:00,0.0,0.20583333333333334,0.6193356
2019-05-16 00:00:00,0.0,0.21116666666666667,0.5836047
2019-05-16 01:00:00,0.0,0.20458333333333334,0.5329591
2019-05-16 02:00:00,0.0,0.19933333333333333,0.5020567
2019-05-16 03:00:00,0.0,0.21958333333333335,0.5008764
2019-05-16 04:00:00,0.0,0.21191666666666667,0.5359635
2019-05-16 05:00:00,0.0035,0.22441666666666665,0.6033479
2019-05-16 06:00:00,0.08383333333333333,0.3428333333333333,0.6623629
2019-05-16 07:00:00,0.36925,0.2545,0.724275
2019-05-16 08:00:00,1.206,0.6310833333333333,0.6990595
2019-05-16 09:00:00,1.74075,0.6735,0.6682644
2019-05-16 10:00:00,2.716,0.26858333333333334,0.6709469
2019-05-16 11:00:00,1.4086666666666667,0.5388333333333334,0.6722345
2019-05-16 12:00:00,1.68325,0.6065,0.6632213
2019-05-16 13:00:00,1.2803333333333333,0.50075,0.6542081
2019-05-16 14:00:00,0.8575833333333334,1.46075,0.634143
2019-05-16 15:00:00,0.7376666666666666,1.5063333333333333,0.6171896
2019-05-16 16:00:00,0.7785,1.9,0.6119319
2019-05-16 17:00:00,0.3534166666666667,1.2511666666666668,0.594442
2019-05-16 18:00:00,0.15525,0.4070833333333333,0.615902
2019-05-16 19:00:00,0.02033333333333333,0.2825,0.6387569
2019-05-16 20:00:00,0.0,0.23808333333333334,0.6714834
2019-05-16 21:00:00,0.0,0.22633333333333333,0.642727
2019-05-16 22:00:00,0.0,0.21508333333333335,0.596588
2019-05-16 23:00:00,0.0,0.22008333333333335,0.5853215
2019-05-17 00:00:00,0.0,0.21658333333333335,0.5216926
2019-05-17 01:00:00,0.0,0.19941666666666666,0.5013056
2019-05-17 02:00:00,0.0,0.18975,0.4977647
2019-05-17 03:00:00,0.0,0.21725,0.5113918
2019-05-17 04:00:00,0.0,0.21825,0.5269503
2019-05-17 05:00:00,0.02525,0.23933333333333334,0.5832828
2019-05-17 06:00:00,0.21241666666666667,0.3343333333333333,0.6621483
2019-05-17 07:00:00,0.82975,0.3090833333333333,0.6787798
2019-05-17 08:00:00,0.9955,0.23333333333333334,0.6764192
2019-05-17 09:00:00,1.31875,0.21916666666666665,0.6608607
2019-05-17 10:00:00,1.437,0.23075,0.6778141
2019-05-17 11:00:00,2.2074166666666666,0.2305,0.6851105
2019-05-17 12:00:00,2.5078333333333336,0.21958333333333335,0.6871492
2019-05-17 13:00:00,2.566,0.222,0.6798528
2019-05-17 14:00:00,1.9604166666666667,0.22308333333333336,0.6736294
2019-05-17 15:00:00,2.309,0.22825,0.6723418
2019-05-17 16:00:00,1.9236666666666666,0.218,0.6735221
2019-05-17 17:00:00,1.2049166666666666,0.4033333333333333,0.6583928
2019-05-17 18:00:00,0.4298333333333333,0.5398333333333334,0.6543154
2019-05-17 19:00:00,0.07716666666666668,0.25825,0.6767411
2019-05-17 20:00:00,0.0,0.4424166666666667,0.6897244
2019-05-17 21:00:00,0.0,0.4918333333333333,0.6722345
2019-05-17 22:00:00,0.0,0.20716666666666667,0.6064596
2019-05-17 23:00:00,0.0,0.19958333333333333,0.5909011
2019-05-18 00:00:00,0.0,0.20883333333333334,0.5750207
2019-05-18 01:00:00,0.0,0.19483333333333333,0.5595695
2019-05-18 02:00:00,0.0,0.19991666666666666,0.5618228
2019-05-18 03:00:00,0.0,0.21041666666666667,0.5705141
2019-05-18 04:00:00,0.0,0.20616666666666666,0.5915449
2019-05-18 05:00:00,0.042083333333333334,0.22008333333333335,0.6226619
2019-05-18 06:00:00,0.15358333333333335,0.3364166666666667,0.6719126
2019-05-18 07:00:00,0.43175,0.215,0.6750243
2019-05-18 08:00:00,1.1783333333333332,0.65525,0.6846813
2019-05-18 09:00:00,1.5545,0.725,0.6756681
2019-05-18 10:00:00,1.6880833333333332,0.22475,0.6891879
2019-05-18 11:00:00,1.5999166666666667,0.22341666666666665,0.6970208
2019-05-18 12:00:00,1.9089166666666668,0.21608333333333335,0.6991668
2019-05-18 13:00:00,2.2314166666666666,0.5834166666666666,0.692085
2019-05-18 14:00:00,2.39725,0.4695833333333333,0.6760973
2019-05-18 15:00:00,1.9379166666666667,0.21916666666666665,0.67599
2019-05-18 16:00:00,1.1210833333333332,0.22141666666666665,0.673844
2019-05-18 17:00:00,0.4146666666666667,0.2561666666666667,0.6678352
2019-05-18 18:00:00,0.21266666666666667,0.8948333333333334,0.668479
2019-05-18 19:00:00,0.06933333333333333,0.3424166666666667,0.6800674
2019-05-18 20:00:00,0.0,0.3110833333333333,0.6954113
2019-05-18 21:00:00,0.0,0.1995,0.6823207
2019-05-18 22:00:00,0.0,0.21875,0.6602169
2019-05-18 23:00:00,0.0,0.211,0.6623629
2019-05-19 00:00:00,0.0,0.21041666666666667,0.6303875
2019-05-19 01:00:00,0.0,0.20516666666666666,0.6134341
2019-05-19 02:00:00,0.0,0.19158333333333336,0.6079618
2019-05-19 03:00:00,0.0,0.19466666666666665,0.6177261
2019-05-19 04:00:00,0.0,0.1945,0.6434781
2019-05-19 05:00:00,0.0,0.21725,0.6806039
2019-05-19 06:00:00,0.216,0.21225,0.699596
2019-05-19 07:00:00,0.6390833333333333,0.2265,0.6992741
2019-05-19 08:00:00,0.8505,0.6419166666666666,0.7068924
2019-05-19 09:00:00,1.2426666666666668,1.1191666666666666,0.7036734
2019-05-19 10:00:00,1.18475,0.67775,0.7107552
2019-05-19 11:00:00,1.4248333333333332,0.9423333333333334,0.7083946
2019-05-19 12:00:00,1.50325,1.4925,0.711399
2019-05-19 13:00:00,1.52425,0.8075833333333333,0.7059267
2019-05-19 14:00:00,0.9725833333333334,0.267,0.6978792
2019-05-19 15:00:00,1.2409166666666667,1.5500833333333333,0.6971281
2019-05-19 16:00:00,0.8731666666666666,2.268,0.6969135
2019-05-19 17:00:00,0.58275,0.8705833333333334,0.6965916
2019-05-19 18:00:00,0.22133333333333335,0.21416666666666664,0.7002398
2019-05-19 19:00:00,0.06533333333333333,0.29741666666666666,0.7255626
2019-05-19 20:00:00,0.0,0.3080833333333333,0.732859
2019-05-19 21:00:00,0.0,0.2940833333333333,0.6847886
2019-05-19 22:00:00,0.0,0.13766666666666666,0.6844667
2019-05-19 23:00:00,0.0,0.137,0.7263137
2019-05-20 00:00:00,0.0,0.13325,0.7131158
2019-05-20 01:00:00,0.0,0.12508333333333332,0.7116136
2019-05-20 02:00:00,0.0,0.20625,0.7119355
2019-05-20 03:00:00,0.0,0.47225,0.7149399
2019-05-20 04:00:00,0.0,0.13266666666666665,0.7270648
2019-05-20 05:00:00,0.02325,0.12491666666666668,0.7177297
2019-05-20 06:00:00,0.21733333333333335,0.12241666666666667,0.7170859
2019-05-20 07:00:00,0.5520833333333334,0.337,0.7229874
2019-05-20 08:00:00,0.84075,0.64025,0.7140815
2019-05-20 09:00:00,0.9295833333333333,0.6900833333333334,0.7126866
2019-05-20 10:00:00,1.6610833333333332,0.6720833333333334,0.7157983
2019-05-20 11:00:00,1.2008333333333332,0.30475,0.7130085
2019-05-20 12:00:00,1.05525,0.4186666666666667,0.7139742
2019-05-20 13:00:00,0.4651666666666667,0.30591666666666667,0.7164421
2019-05-20 14:00:00,1.474,0.7376666666666666,0.6949821
2019-05-20 15:00:00,1.6475833333333332,0.95275,0.6811404
2019-05-20 16:00:00,1.1495,0.9990833333333333,0.6817842
2019-05-20 17:00:00,0.5558333333333334,1.667,0.6874711
2019-05-20 18:00:00,0.0,0.5741666666666666,0.6956259
2019-05-20 19:00:00,0.0,0.4780833333333333,0.7091457
2019-05-20 20:00:00,0.0,0.47225,0.7225582
2019-05-20 21:00:00,0.0,0.39316666666666666,0.722129
2019-05-20 22:00:00,0.0,0.3451666666666667,0.7180516
2019-05-20 23:00:00,0.0,0.2571666666666667,0.7213779
2019-05-21 00:00:00,0.0,0.133,0.721056
2019-05-21 01:00:00,0.0,0.13416666666666666,0.7229874
2019-05-21 02:00:00,0.0,0.13233333333333333,0.7222363
2019-05-21 03:00:00,0.0,0.13166666666666665,0.724275
2019-05-21 04:00:00,0.0,0.12425,0.7198757
2019-05-21 05:00:00,0.0,0.15966666666666665,0.7066778
2019-05-21 06:00:00,0.021333333333333333,0.4104166666666667,0.6850032
2019-05-21 07:00:00,0.253,0.14225,0.7008836
2019-05-21 08:00:00,0.4313333333333333,0.13883333333333334,0.7270648
2019-05-21 09:00:00,0.39816666666666667,0.12966666666666665,0.6959478
2019-05-21 10:00:00,0.3545833333333333,0.12025,0.7021712
2019-05-21 11:00:00,0.47125,0.13675,0.7012055
2019-05-21 12:00:00,0.6543333333333333,0.32925,0.703888
2019-05-21 13:00:00,0.5213333333333334,0.4785,0.7087165
2019-05-21 14:00:00,0.3435,0.22516666666666665,0.694231
2019-05-21 15:00:00,0.09991666666666667,0.14208333333333334,0.6753462
2019-05-21 16:00:00,0.0019166666666666668,0.2599166666666667,0.6646162
2019-05-21 17:00:00,0.011833333333333335,0.7156666666666667,0.6587147
2019-05-21 18:00:00,0.0,0.22483333333333333,0.6756681
2019-05-21 19:00:00,0.0,0.20041666666666666,0.6972354
2019-05-21 20:00:00,0.0,0.2985,0.7401554
2019-05-21 21:00:00,0.0,0.5830833333333334,0.7467007
2019-05-21 22:00:00,0.0,0.50675,0.7165494
2019-05-21 23:00:00,0.0,0.12675,0.7073216
2019-05-22 00:00:00,0.0,0.3275,0.7109698
2019-05-22 01:00:00,0.0,0.42333333333333334,0.7107552
2019-05-22 02:00:00,0.0,0.1285,0.7095749
2019-05-22 03:00:00,0.0,0.13266666666666665,0.7117209
2019-05-22 04:00:00,0.0,0.24183333333333334,0.7142961
2019-05-22 05:00:00,0.0,0.2904166666666667,0.7258845
2019-05-22 06:00:00,0.0,0.2884166666666667,0.7207341
2019-05-22 07:00:00,0.02683333333333333,0.9846666666666666,0.765049
2019-05-22 08:00:00,0.3223333333333333,0.1935,0.7689118
2019-05-22 09:00:00,0.5664166666666667,0.54425,0.7666585
2019-05-22 10:00:00,1.20475,0.49475,0.7738476
2019-05-22 11:00:00,1.31825,0.7851666666666667,0.7734184
2019-05-22 12:00:00,0.3851666666666667,0.4225,0.7735257
2019-05-22 13:00:00,0.4096666666666667,0.14533333333333334,0.7633322
2019-05-22 14:00:00,0.25033333333333335,0.13958333333333334,0.7487394
2019-05-22 15:00:00,0.29533333333333334,0.13775,0.7420868
2019-05-22 16:00:00,0.24158333333333334,0.12991666666666665,0.7396189
2019-05-22 17:00:00,0.12791666666666668,1.164,0.727494
2019-05-22 18:00:00,0.02316666666666667,0.19658333333333333,0.7381167
2019-05-22 19:00:00,0.0,0.3055,0.7533533
2019-05-22 20:00:00,0.0,0.2945,0.7750279
2019-05-22 21:00:00,0.0,0.6914166666666667,0.7663366
2019-05-22 22:00:00,0.0,0.4335,0.7368291
2019-05-22 23:00:00,0.0,0.116,0.750027
2019-05-23 00:00:00,0.0,0.13516666666666666,0.7503489
2019-05-23 01:00:00,0.0,0.4565,0.747881
2019-05-23 02:00:00,0.0,0.2739166666666667,0.7424087
2019-05-23 03:00:00,0.0,0.12116666666666667,0.7428379
2019-05-23 04:00:00,0.0,0.133,0.7426233
2019-05-23 05:00:00,0.013166666666666667,0.24208333333333334,0.7401554
2019-05-23 06:00:00,0.19975,0.18575,0.724275
2019-05-23 07:00:00,0.6128333333333333,0.30133333333333334,0.7431598
2019-05-23 08:00:00,0.9125,0.33366666666666667,0.7461642
2019-05-23 09:00:00,1.7035,0.67025,0.7372583
2019-05-23 10:00:00,1.8590833333333332,0.64875,0.7420868
2019-05-23 11:00:00,1.7341666666666666,0.48333333333333334,0.7412284
2019-05-23 12:00:00,2.4951666666666665,0.14575,0.7513146
2019-05-23 13:00:00,2.1368333333333336,0.3844166666666667,0.7362926
2019-05-23 14:00:00,2.5906666666666665,0.537,0.7258845
2019-05-23 15:00:00,2.2390833333333333,1.03325,0.7235239
2019-05-23 16:00:00,1.1370833333333332,2.4939166666666663,0.7196611
2019-05-23 17:00:00,0.4800833333333333,1.38175,0.7332882
2019-05-23 18:00:00,0.18308333333333335,0.3116666666666667,0.7377948
2019-05-23 19:00:00,0.050833333333333335,0.3061666666666667,0.7447693
2019-05-23 20:00:00,0.0,0.3188333333333333,0.7652636
2019-05-23 21:00:00,0.0,0.30475,0.7594694
2019-05-23 22:00:00,0.0,0.24108333333333334,0.7193392
2019-05-23 23:00:00,0.0,0.11616666666666667,0.7453058
2019-05-24 00:00:00,0.0,0.12525,0.7404773
2019-05-24 01:00:00,0.0,0.13575,0.7358634
2019-05-24 02:00:00,0.0,0.12741666666666668,0.7356488
2019-05-24 03:00:00,0.0,0.11566666666666667,0.7395116
2019-05-24 04:00:00,0.0,0.11041666666666668,0.7416576
2019-05-24 05:00:00,0.016,0.2778333333333333,0.7465934
2019-05-24 06:00:00,0.12341666666666667,0.22233333333333336,0.7438036
2019-05-24 07:00:00,0.35783333333333334,0.12741666666666668,0.7818951
2019-05-24 08:00:00,1.1606666666666667,0.6346666666666666,0.7752425
2019-05-24 09:00:00,1.7685833333333332,0.6444166666666666,0.7762082
2019-05-24 10:00:00,2.2131666666666665,0.67475,0.7818951
2019-05-24 11:00:00,2.4913333333333334,0.3370833333333333,0.7824316
2019-05-24 12:00:00,2.6431666666666667,0.14658333333333334,0.7841484
2019-05-24 13:00:00,2.75525,0.3813333333333333,0.7626884
2019-05-24 14:00:00,2.65225,0.6666666666666666,0.7494905
2019-05-24 15:00:00,2.3861666666666665,0.14883333333333335,0.7499197
2019-05-24 16:00:00,2.01525,0.22025,0.7470226
2019-05-24 17:00:00,1.3020833333333333,0.7315833333333334,0.7556066
2019-05-24 18:00:00,0.4880833333333333,0.22058333333333335,0.76183
2019-05-24 19:00:00,0.11875,0.17216666666666666,0.766122
2019-05-24 20:00:00,0.0,0.16275,0.7844703
2019-05-24 21:00:00,0.0,0.15216666666666664,0.7744914
2019-05-24 22:00:00,0.0,0.11933333333333333,0.7552847
2019-05-24 23:00:00,0.0,0.13266666666666665,0.7675169
2019-05-25 00:00:00,0.0,0.13333333333333333,0.7637614
2019-05-25 01:00:00,0.0,0.13125,0.7556066
2019-05-25 02:00:00,0.0,0.105,0.7499197
2019-05-25 03:00:00,0.0,0.10691666666666667,0.752173
2019-05-25 04:00:00,0.0,0.1285,0.7508854
2019-05-25 05:00:00,0.09641666666666668,0.27475,0.7517438
2019-05-25 06:00:00,0.18508333333333335,0.17291666666666666,0.7561431
2019-05-25 07:00:00,0.3989166666666667,0.16875,0.7670877
2019-05-25 08:00:00,1.18725,0.5473333333333333,0.7707359
2019-05-25 09:00:00,1.7916666666666667,0.8194166666666667,0.7633322
2019-05-25 10:00:00,2.1895,0.6929166666666666,0.7689118
2019-05-25 11:00:00,2.35825,0.7154166666666666,0.7689118
2019-05-25 12:00:00,2.2509166666666665,0.16233333333333333,0.7642979
2019-05-25 13:00:00,2.47075,0.6491666666666667,0.7533533
2019-05-25 14:00:00,2.19825,0.5586666666666666,0.7291035
2019-05-25 15:00:00,2.0824166666666666,0.44958333333333333,0.7109698
2019-05-25 16:00:00,1.30775,0.7805833333333334,0.7160129
2019-05-25 17:00:00,1.2766666666666668,1.1109166666666668,0.716764
2019-05-25 18:00:00,0.4426666666666667,0.4578333333333333,0.7424087
2019-05-25 19:00:00,0.11741666666666667,0.42175,0.7563577
2019-05-25 20:00:00,0.0,0.29691666666666666,0.7631176
2019-05-25 21:00:00,0.0,0.2891666666666667,0.7606497
2019-05-25 22:00:00,0.0,0.18775,0.7571088
2019-05-25 23:00:00,0.0,0.13175,0.7514219
2019-05-26 00:00:00,0.0,0.12875,0.7479883
2019-05-26 01:00:00,0.0,0.13375,0.7407992
2019-05-26 02:00:00,0.0,0.12683333333333333,0.7372583
2019-05-26 03:00:00,0.0,0.13233333333333333,0.7373656
2019-05-26 04:00:00,0.0,0.1255,0.7439109
2019-05-26 05:00:00,0.0,0.124,0.7514219
2019-05-26 06:00:00,0.22975,0.13383333333333333,0.7444474
2019-05-26 07:00:00,0.40825,0.2894166666666667,0.762903
2019-05-26 08:00:00,0.4553333333333333,0.17966666666666667,0.7723454
2019-05-26 09:00:00,0.4295,0.13066666666666665,0.77256
2019-05-26 10:00:00,0.32875,0.13266666666666665,0.7729892
2019-05-26 11:00:00,0.34675,0.139,0.7529241
2019-05-26 12:00:00,1.3556666666666668,0.672,0.7678388
2019-05-26 13:00:00,2.8970833333333337,0.7390833333333334,0.7562504
2019-05-26 14:00:00,1.3491666666666668,0.8098333333333334,0.7424087
2019-05-26 15:00:00,0.22766666666666666,0.44425,0.7345758
2019-05-26 16:00:00,0.9500833333333334,0.4678333333333333,0.723202
2019-05-26 17:00:00,1.0540833333333333,1.3146666666666667,0.7443401
2019-05-26 18:00:00,0.20358333333333334,0.4659166666666667,0.7523876
2019-05-26 19:00:00,0.0,0.3045,0.7634395
2019-05-26 20:00:00,0.0,0.29283333333333333,0.7889769
2019-05-26 21:00:00,0.0,0.7028333333333334,0.7791053
2019-05-26 22:00:00,0.0,1.0890833333333332,0.7622592
2019-05-26 23:00:00,0.0,0.2095,0.7527095
2019-05-27 00:00:00,0.0,0.4923333333333333,0.7445547
2019-05-27 01:00:00,0.0,0.13525,0.7180516
2019-05-27 02:00:00,0.0,0.12358333333333332,0.7179443
2019-05-27 03:00:00,0.0,0.13,0.7159056
2019-05-27 04:00:00,0.0,0.12566666666666668,0.7137596
2019-05-27 05:00:00,0.0,0.1285,0.7009909
2019-05-27 06:00:00,0.20675,0.12683333333333333,0.6879003
2019-05-27 07:00:00,0.6883333333333334,0.34125,0.7372583
2019-05-27 08:00:00,0.7648333333333334,0.6468333333333334,0.743589
2019-05-27 09:00:00,1.2090833333333333,0.6465833333333334,0.7479883
2019-05-27 10:00:00,1.5571666666666668,0.8851666666666667,0.748954
2019-05-27 11:00:00,2.4855,0.9033333333333333,0.7460569
2019-05-27 12:00:00,1.79825,0.8761666666666666,0.7426233
2019-05-27 13:00:00,1.2414166666666668,0.5001666666666666,0.7147253
2019-05-27 14:00:00,0.97325,0.8063333333333333,0.6501307
2019-05-27 15:00:00,0.8313333333333334,0.9865,0.6115027
2019-05-27 16:00:00,0.67075,1.6300833333333333,0.6084983
2019-05-27 17:00:00,0.781,0.5010833333333333,0.6337138
2019-05-27 18:00:00,0.44908333333333333,0.2571666666666667,0.7125793
2019-05-27 19:00:00,0.14058333333333334,0.205,0.7518511
2019-05-27 20:00:00,0.0,0.3199166666666667,0.7728819
2019-05-27 21:00:00,0.0,0.29425,0.7749206
2019-05-27 22:00:00,0.0,0.14408333333333334,0.7690191
2019-05-27 23:00:00,0.0,0.13916666666666666,0.7571088
2019-05-28 00:00:00,0.0,0.13416666666666666,0.7506708
2019-05-28 01:00:00,0.0,0.13441666666666666,0.7440182
2019-05-28 02:00:00,0.0,0.12858333333333336,0.7440182
2019-05-28 03:00:00,0.0,0.12633333333333333,0.7342539
2019-05-28 04:00:00,0.0,0.24266666666666667,0.7134377
2019-05-28 05:00:00,0.04675,0.4120833333333333,0.7090384
2019-05-28 06:00:00,0.3139166666666667,0.22191666666666665,0.6739513
2019-05-28 07:00:00,0.5849166666666666,0.3133333333333333,0.7151545
2019-05-28 08:00:00,1.1455,0.5441666666666666,0.7397262
2019-05-28 09:00:00,1.4308333333333332,0.6799166666666666,0.7499197
2019-05-28 10:00:00,1.862,0.6851666666666666,0.7622592
2019-05-28 11:00:00,2.1250833333333334,0.6835,0.7645125
2019-05-28 12:00:00,1.6659166666666667,0.6865,0.7688045
2019-05-28 13:00:00,1.652,0.65,0.7589329
2019-05-28 14:00:00,1.5665833333333332,0.15133333333333335,0.6944456
2019-05-28 15:00:00,0.9256666666666666,0.13758333333333334,0.6354306
2019-05-28 16:00:00,0.58625,0.13366666666666666,0.6458387
2019-05-28 17:00:00,0.4404166666666667,0.614,0.6238422
2019-05-28 18:00:00,0.29475,0.8033333333333333,0.6313532
2019-05-28 19:00:00,0.08816666666666667,0.57525,0.652384
2019-05-28 20:00:00,0.0,0.2645,0.7531387
2019-05-28 21:00:00,0.0,0.15983333333333336,0.7531387
2019-05-28 22:00:00,0.0,0.14175,0.7222363
2019-05-28 23:00:00,0.0,0.14133333333333334,0.7301765
2019-05-29 00:00:00,0.0,0.1345,0.7078581
2019-05-29 01:00:00,0.0,0.13591666666666666,0.6203013
2019-05-29 02:00:00,0.0,0.1285,0.6103224
2019-05-29 03:00:00,0.0,0.13058333333333333,0.615902
2019-05-29 04:00:00,0.0,0.5055,0.6214816
2019-05-29 05:00:00,0.0,0.22225,0.7045318
2019-05-29 06:00:00,0.0,0.28125,0.737151
2019-05-29 07:00:00,0.21883333333333335,0.2765833333333333,0.7524949
2019-05-29 08:00:00,0.206,0.15175,0.7656928
2019-05-29 09:00:00,0.1695,0.12766666666666668,0.7630103
2019-05-29 10:00:00,0.42183333333333334,0.14025,0.7782469
2019-05-29 11:00:00,0.54375,0.2365,0.7799637
2019-05-29 12:00:00,0.9358333333333334,0.67975,0.7748133
2019-05-29 13:00:00,0.9425,0.6479166666666666,0.7627957
2019-05-29 14:00:00,0.20808333333333334,0.14058333333333334,0.7523876
2019-05-29 15:00:00,0.30291666666666667,0.13833333333333334,0.7416576
2019-05-29 16:00:00,0.3349166666666667,0.13258333333333333,0.7348977
2019-05-29 17:00:00,0.2509166666666667,0.18016666666666667,0.7197684
2019-05-29 18:00:00,0.24833333333333335,0.32175,0.7520657
2019-05-29 19:00:00,0.09191666666666667,0.5669166666666666,0.7617227
2019-05-29 20:00:00,0.0,0.2891666666666667,0.7813586
2019-05-29 21:00:00,0.0,0.7423333333333334,0.7777104
2019-05-29 22:00:00,0.0,0.6956666666666667,0.7533533
2019-05-29 23:00:00,0.0,0.2794166666666667,0.7637614
2019-05-30 00:00:00,0.0,0.1255,0.7545336
2019-05-30 01:00:00,0.0,0.12016666666666667,0.7493832
2019-05-30 02:00:00,0.0,0.11425,0.7506708
2019-05-30 03:00:00,0.0,0.13041666666666665,0.755392
2019-05-30 04:00:00,0.0,0.12,0.754319
2019-05-30 05:00:00,0.0,0.2826666666666667,0.7642979
2019-05-30 06:00:00,0.04666666666666666,0.6695,0.7637614
2019-05-30 07:00:00,0.28275,0.3504166666666667,0.7636541
2019-05-30 08:00:00,0.52025,0.4908333333333333,0.7641906
2019-05-30 09:00:00,0.5924166666666666,0.3865,0.7646198
2019-05-30 10:00:00,0.8075,0.4448333333333333,0.7715943
2019-05-30 11:00:00,1.20475,0.8004166666666667,0.7703067
2019-05-30 12:00:00,1.4095833333333332,0.6554166666666666,0.7729892
2019-05-30 13:00:00,0.6741666666666666,0.32808333333333334,0.7678388
2019-05-30 14:00:00,1.7629166666666667,0.7860833333333334,0.7513146
2019-05-30 15:00:00,1.4093333333333333,1.5565833333333332,0.7456277
2019-05-30 16:00:00,0.33666666666666667,1.09125,0.737151
2019-05-30 17:00:00,0.20725,0.9144166666666667,0.7325371
2019-05-30 18:00:00,0.17183333333333334,0.22441666666666665,0.7589329
2019-05-30 19:00:00,0.015416666666666665,0.16925,0.7664439
2019-05-30 20:00:00,0.0,0.16366666666666665,0.7708432
2019-05-30 21:00:00,0.0,0.6016666666666667,0.7715943
2019-05-30 22:00:00,0.0,0.497,0.7635468
2019-05-30 23:00:00,0.0,0.1295,0.7590402
2019-05-31 00:00:00,0.0,0.12708333333333333,0.7531387
2019-05-31 01:00:00,0.0,0.12616666666666668,0.7303911
2019-05-31 02:00:00,0.0,0.12216666666666667,0.7134377
2019-05-31 03:00:00,0.0,0.11666666666666667,0.7065705
2019-05-31 04:00:00,0.0,0.21775,0.7263137
2019-05-31 05:00:00,0.028666666666666667,0.17966666666666667,0.7467007
2019-05-31 06:00:00,0.20216666666666666,0.14016666666666666,0.7626884
2019-05-31 07:00:00,0.4115,0.14758333333333334,0.7703067
2019-05-31 08:00:00,1.232,0.88475,0.7793199
2019-05-31 09:00:00,1.8470833333333332,0.4476666666666667,0.7738476
2019-05-31 10:00:00,2.3075833333333335,0.667,0.7815732
2019-05-31 11:00:00,2.6325,0.6723333333333333,0.7817878
2019-05-31 12:00:00,2.7906666666666666,0.6836666666666666,0.7829681
2019-05-31 13:00:00,2.8301666666666665,0.3026666666666667,0.7752425
2019-05-31 14:00:00,2.7455,0.17166666666666666,0.7645125
2019-05-31 15:00:00,2.509,0.4358333333333333,0.7598986
2019-05-31 16:00:00,2.1291666666666664,1.05725,0.7509927
2019-05-31 17:00:00,1.4565833333333333,0.9185,0.7535679
2019-05-31 18:00:00,0.55375,0.3176666666666667,0.7647271
2019-05-31 19:00:00,0.09766666666666667,0.30575,0.7699848
2019-05-31 20:00:00,0.0,0.29033333333333333,0.7759936
2019-05-31 21:00:00,0.0,0.21508333333333335,0.7735257
2019-05-31 22:00:00,0.0,0.14075,0.7579672
2019-05-31 23:00:00,0.0,0.1365,0.7482029
2019-06-01 00:00:00,0.0,0.13283333333333333,0.6616118
2019-06-01 01:00:00,0.0,0.12858333333333336,0.6708396
2019-06-01 02:00:00,0.0,0.11583333333333333,0.6648308
2019-06-01 03:00:00,0.0,0.13091666666666665,0.6656892
2019-06-01 04:00:00,0.0,0.12966666666666665,0.6884368
2019-06-01 05:00:00,0.03025,0.138,0.7404773
2019-06-01 06:00:00,0.08866666666666667,0.23575,0.7460569
2019-06-01 07:00:00,0.3340833333333333,0.22066666666666665,0.7513146
2019-06-01 08:00:00,1.1789166666666668,0.7221666666666666,0.7426233
2019-06-01 09:00:00,1.7839166666666668,1.1525833333333333,0.7419795
2019-06-01 10:00:00,2.23775,1.2921666666666667,0.748954
2019-06-01 11:00:00,2.53125,1.35625,0.7514219
2019-06-01 12:00:00,2.6985833333333336,1.1093333333333333,0.7581818
2019-06-01 13:00:00,2.7405,0.63,0.7503489
2019-06-01 14:00:00,2.65375,0.3534166666666667,0.7354342
2019-06-01 15:00:00,2.4213333333333336,0.586,0.7322152
2019-06-01 16:00:00,2.0635833333333333,0.33925,0.7294254
2019-06-01 17:00:00,1.4105,1.2420833333333332,0.7287816
2019-06-01 18:00:00,0.531,0.32325,0.746808
2019-06-01 19:00:00,0.15891666666666665,0.4598333333333333,0.7679461
2019-06-01 20:00:00,0.0,0.3160833333333333,0.7871528
2019-06-01 21:00:00,0.0,0.32058333333333333,0.7857579
2019-06-01 22:00:00,0.0,0.26925,0.7570015
2019-06-01 23:00:00,0.0,0.24191666666666667,0.7631176
2019-06-02 00:00:00,0.0,0.24633333333333335,0.7547482
2019-06-02 01:00:00,0.0,0.24058333333333334,0.739297
2019-06-02 02:00:00,0.0,0.23175,0.7374729
2019-06-02 03:00:00,0.0,0.243,0.7352196
2019-06-02 04:00:00,0.0,0.23491666666666666,0.7276013
2019-06-02 05:00:00,0.0,0.23216666666666666,0.7538898
2019-06-02 06:00:00,0.04975,0.22491666666666665,0.7593621
2019-06-02 07:00:00,0.3348333333333333,0.3826666666666667,0.7656928
2019-06-02 08:00:00,1.1436666666666668,1.2410833333333333,0.7655855
2019-06-02 09:00:00,1.7584166666666667,0.9065,0.765049
2019-06-02 10:00:00,2.1975,2.1235,0.7626884
2019-06-02 11:00:00,2.5023333333333335,0.8425,0.7652636
2019-06-02 12:00:00,2.6528333333333336,2.2676666666666665,0.7611862
2019-06-02 13:00:00,2.6408333333333336,0.9050833333333334,0.7384386
2019-06-02 14:00:00,2.5441666666666665,1.0681666666666667,0.7034588
2019-06-02 15:00:00,2.3875,0.9990833333333333,0.696377
2019-06-02 16:00:00,2.0168333333333335,0.7856666666666666,0.6950894
2019-06-02 17:00:00,1.4064166666666666,0.7109166666666666,0.6950894
2019-06-02 18:00:00,0.5575833333333333,0.4126666666666667,0.7136523
2019-06-02 19:00:00,0.16325,0.15033333333333335,0.7416576
2019-06-02 20:00:00,0.0,0.15491666666666665,0.7523876
2019-06-02 21:00:00,0.0,0.3046666666666667,0.7460569
2019-06-02 22:00:00,0.0,0.25175,0.707107
2019-06-02 23:00:00,0.0,0.15366666666666665,0.7110771
2019-06-03 00:00:00,0.0,0.14683333333333334,0.7048537
2019-06-03 01:00:00,0.0,0.14416666666666667,0.6927288
2019-06-03 02:00:00,0.0,0.12533333333333332,0.6928361
2019-06-03 03:00:00,0.0,0.13908333333333334,0.6905828
2019-06-03 04:00:00,0.0,0.14758333333333334,0.6821061
2019-06-03 05:00:00,0.0,0.14516666666666667,0.6750243
2019-06-03 06:00:00,0.042833333333333334,0.14641666666666667,0.6822134
2019-06-03 07:00:00,0.32466666666666666,0.2594166666666667,0.6853251
2019-06-03 08:00:00,1.1496666666666668,1.4959166666666668,0.7354342
2019-06-03 09:00:00,1.749,1.3665,0.7535679
2019-06-03 10:00:00,2.1800833333333336,0.7389166666666667,0.7614008
2019-06-03 11:00:00,2.4571666666666667,1.2369166666666667,0.7598986
2019-06-03 12:00:00,2.59725,1.03,0.7630103
2019-06-03 13:00:00,2.6243333333333334,1.396,0.7451985
2019-06-03 14:00:00,2.5343333333333335,0.4215,0.6911193
2019-06-03 15:00:00,2.3014166666666664,1.03775,0.6553884
2019-06-03 16:00:00,1.9751666666666667,1.5855833333333333,0.6528132
2019-06-03 17:00:00,1.3661666666666668,0.5431666666666666,0.6578563
2019-06-03 18:00:00,0.5254166666666666,0.4701666666666667,0.7140815
2019-06-03 19:00:00,0.15725,0.33866666666666667,0.7499197
2019-06-03 20:00:00,0.0,0.31125,0.7694483
2019-06-03 21:00:00,0.0,0.63225,0.7710578
2019-06-03 22:00:00,0.0,0.5189166666666666,0.7608643
2019-06-03 23:00:00,0.0,0.1355,0.7505635
2019-06-04 00:00:00,0.0,0.136,0.7522803
2019-06-04 01:00:00,0.0,0.13975,0.7313568
2019-06-04 02:00:00,0.0,0.12558333333333332,0.7208414
2019-06-04 03:00:00,0.0,0.13291666666666666,0.6793163
2019-06-04 04:00:00,0.0,0.13033333333333336,0.6359671
2019-06-04 05:00:00,0.0,0.32,0.6193356
2019-06-04 06:00:00,0.021416666666666667,0.21525,0.6194429
2019-06-04 07:00:00,0.3333333333333333,0.13183333333333333,0.6357525
2019-06-04 08:00:00,1.1281666666666668,0.675,0.6371474
2019-06-04 09:00:00,1.7114166666666668,0.6883333333333334,0.664187
2019-06-04 10:00:00,2.1170833333333334,0.69375,0.6626848
2019-06-04 11:00:00,2.4326666666666665,0.7049166666666666,0.6453022
2019-06-04 12:00:00,2.25925,0.7004166666666666,0.6397226
2019-06-04 13:00:00,2.44,0.7005833333333333,0.6462679
2019-06-04 14:00:00,1.1491666666666667,0.5271666666666667,0.6124684
2019-06-04 15:00:00,1.1935,0.14,0.5876821
2019-06-04 16:00:00,1.0105833333333334,0.15125,0.5853215
2019-06-04 17:00:00,0.5376666666666666,0.25875,0.570836
2019-06-04 18:00:00,0.15241666666666664,0.26108333333333333,0.5913303
2019-06-04 19:00:00,0.022166666666666668,0.3231666666666667,0.6224473
2019-06-04 20:00:00,0.0,0.30141666666666667,0.7352196
2019-06-04 21:00:00,0.0,0.14625,0.7502416
2019-06-04 22:00:00,0.0,0.1355,0.7110771
2019-06-04 23:00:00,0.0,0.13308333333333333,0.6565687
2019-06-05 00:00:00,0.0,0.47175,0.6199794
2019-06-05 01:00:00,0.0,0.5858333333333333,0.5948712
2019-06-05 02:00:00,0.0,0.12683333333333333,0.5950858
2019-06-05 03:00:00,0.0,0.13166666666666665,0.5919741
2019-06-05 04:00:00,0.0,0.13241666666666665,0.6010946
2019-06-05 05:00:00,0.00825,0.2838333333333333,0.6514183
2019-06-05 06:00:00,0.2990833333333333,0.15933333333333335,0.7019566
2019-06-05 07:00:00,0.5003333333333333,0.1905,0.7355415
2019-06-05 08:00:00,1.128,0.7803333333333333,0.750027
2019-06-05 09:00:00,1.6809166666666668,0.7083333333333334,0.7315714
2019-06-05 10:00:00,2.0785833333333334,0.846,0.7278159
2019-06-05 11:00:00,2.3756666666666666,1.4123333333333332,0.7325371
2019-06-05 12:00:00,2.5034166666666664,0.77575,0.726421
2019-06-05 13:00:00,2.5023333333333335,1.0485833333333332,0.7076435
2019-06-05 14:00:00,2.41575,0.72625,0.6597877
2019-06-05 15:00:00,2.20275,0.35791666666666666,0.6454095
2019-06-05 16:00:00,1.8981666666666668,0.15208333333333335,0.6579636
2019-06-05 17:00:00,1.28975,0.493,0.6779214
2019-06-05 18:00:00,0.49125,0.5313333333333333,0.715691
2019-06-05 19:00:00,0.11775,0.3168333333333333,0.7175151
2019-06-05 20:00:00,0.0,0.3108333333333333,0.7554993
2019-06-05 21:00:00,0.0,0.3038333333333333,0.7524949
2019-06-05 22:00:00,0.0,0.3065833333333333,0.6861835
2019-06-05 23:00:00,0.0,0.26275,0.6221254
2019-06-06 00:00:00,0.0,0.13908333333333334,0.6198721
2019-06-06 01:00:00,0.0,0.13541666666666666,0.6017384
2019-06-06 02:00:00,0.0,0.12175,0.5950858
2019-06-06 03:00:00,0.0,0.5545,0.5927252
2019-06-06 04:00:00,0.0,0.6846666666666666,0.5993778
2019-06-06 05:00:00,0.0,0.38475,0.6283488
2019-06-06 06:00:00,0.18225,0.2644166666666667,0.6713761
2019-06-06 07:00:00,0.3621666666666667,0.148,0.7278159
2019-06-06 08:00:00,0.9785833333333334,0.5720833333333334,0.7415503
2019-06-06 09:00:00,1.7116666666666667,0.7034166666666666,0.7497051
2019-06-06 10:00:00,2.0930833333333334,0.711,0.7413357
2019-06-06 11:00:00,2.3865,0.7128333333333333,0.7373656
2019-06-06 12:00:00,2.51725,0.7070833333333334,0.7406919
2019-06-06 13:00:00,2.1898333333333335,0.6825,0.7405846
2019-06-06 14:00:00,2.0286666666666666,0.3179166666666667,0.695304
2019-06-06 15:00:00,2.0125,0.3081666666666667,0.6927288
2019-06-06 16:00:00,0.7345,0.3144166666666667,0.6926215
2019-06-06 17:00:00,0.43291666666666667,0.8163333333333334,0.687793
2019-06-06 18:00:00,0.1685,0.8229166666666666,0.7209487
2019-06-06 19:00:00,0.0185,0.16891666666666666,0.7215925
2019-06-06 20:00:00,0.0,0.22025,0.7428379
2019-06-06 21:00:00,0.0,0.3025,0.7374729
2019-06-06 22:00:00,0.0,0.14825,0.6919777
2019-06-06 23:00:00,0.0,0.13041666666666665,0.7145107
2019-06-07 00:00:00,0.0,0.13658333333333333,0.7090384
2019-06-07 01:00:00,0.0,0.13858333333333334,0.6745951
2019-06-07 02:00:00,0.0,0.13033333333333336,0.6608607
2019-06-07 03:00:00,0.0,0.13391666666666666,0.6655819
2019-06-07 04:00:00,0.0,0.13325,0.6679425
2019-06-07 05:00:00,0.0,0.16175,0.7228801
2019-06-07 06:00:00,0.0,0.2365,0.7442328
2019-06-07 07:00:00,0.0,0.13391666666666666,0.7512073
2019-06-07 08:00:00,0.12633333333333333,0.13208333333333333,0.7561431
2019-06-07 09:00:00,0.23091666666666666,0.13075,0.7537825
2019-06-07 10:00:00,0.3640833333333333,0.13025,0.7591475
2019-06-07 11:00:00,0.38616666666666666,0.12908333333333336,0.7578599
2019-06-07 12:00:00,0.5365,0.3015,0.757538
2019-06-07 13:00:00,0.4991666666666667,0.218,0.7545336
2019-06-07 14:00:00,0.6065833333333334,0.13625,0.7271721
2019-06-07 15:00:00,0.5428333333333334,0.36825,0.7254553
2019-06-07 16:00:00,0.77425,0.54875,0.7300692
2019-06-07 17:00:00,0.7596666666666666,0.5103333333333333,0.7112917
2019-06-07 18:00:00,0.2946666666666667,0.12683333333333333,0.7292108
2019-06-07 19:00:00,0.11983333333333333,0.12766666666666668,0.7308203
2019-06-07 20:00:00,0.00025,0.12675,0.7454131
2019-06-07 21:00:00,0.0,0.149,0.737151
2019-06-07 22:00:00,0.0,0.13083333333333333,0.721056
2019-06-07 23:00:00,0.0,0.12666666666666668,0.7029223
2019-06-08 00:00:00,0.0,0.13533333333333333,0.7016347
2019-06-08 01:00:00,0.0,0.13241666666666665,0.6859689
2019-06-08 02:00:00,0.0,0.13091666666666665,0.6618264
2019-06-08 03:00:00,0.0,0.13158333333333333,0.6630067
2019-06-08 04:00:00,0.0,0.13191666666666665,0.6508818
2019-06-08 05:00:00,0.0,0.28325,0.6747024
2019-06-08 06:00:00,0.16741666666666666,0.13258333333333333,0.7001325
2019-06-08 07:00:00,0.35425,0.12341666666666667,0.74037
2019-06-08 08:00:00,0.5379166666666666,0.12058333333333333,0.748954
2019-06-08 09:00:00,1.3245,0.6271666666666667,0.746808
2019-06-08 10:00:00,2.2115833333333335,0.69275,0.7549628
2019-06-08 11:00:00,2.5154166666666664,0.7,0.7536752
2019-06-08 12:00:00,2.6630833333333337,0.7608333333333334,0.7476664
2019-06-08 13:00:00,2.6885833333333333,0.8530833333333334,0.7404773
2019-06-08 14:00:00,2.5786666666666664,0.8860833333333333,0.7277086
2019-06-08 15:00:00,1.7325833333333334,0.5685,0.7367218
2019-06-08 16:00:00,1.5260833333333332,0.511,0.7448766
2019-06-08 17:00:00,0.5275833333333334,1.24925,0.7430525
2019-06-08 18:00:00,0.23333333333333334,0.80875,0.7537825
2019-06-08 19:00:00,0.0,0.5495833333333334,0.7562504
2019-06-08 20:00:00,0.0,0.451,0.7635468
2019-06-08 21:00:00,0.0,0.2793333333333333,0.7659074
2019-06-08 22:00:00,0.0,0.26466666666666666,0.7479883
2019-06-08 23:00:00,0.0,0.25975,0.7176224
2019-06-09 00:00:00,0.0,0.25858333333333333,0.7100041
2019-06-09 01:00:00,0.0,0.25425,0.7021712
2019-06-09 02:00:00,0.0,0.24608333333333335,0.6841448
2019-06-09 03:00:00,0.0,0.16083333333333336,0.6662257
2019-06-09 04:00:00,0.0,0.13516666666666666,0.6685863
2019-06-09 05:00:00,0.0,0.12875,0.6900463
2019-06-09 06:00:00,0.11658333333333333,0.12833333333333335,0.7007763
2019-06-09 07:00:00,0.4120833333333333,0.36441666666666667,0.7249188
2019-06-09 08:00:00,0.917,0.83425,0.7456277
2019-06-09 09:00:00,1.7835833333333333,1.4014166666666668,0.7465934
2019-06-09 10:00:00,2.2643333333333335,0.85375,0.7552847
2019-06-09 11:00:00,2.5489166666666665,0.8374166666666666,0.7549628
2019-06-09 12:00:00,2.7158333333333333,1.21475,0.7456277
2019-06-09 13:00:00,2.74275,1.0863333333333332,0.7399408
2019-06-09 14:00:00,2.6481666666666666,0.4391666666666667,0.7150472
2019-06-09 15:00:00,2.4345,0.79925,0.7120428
2019-06-09 16:00:00,2.0838333333333336,0.8265,0.7080727
2019-06-09 17:00:00,1.4708333333333332,0.5451666666666666,0.7069997
2019-06-09 18:00:00,0.5545,1.7899166666666668,0.7192319
2019-06-09 19:00:00,0.18158333333333335,1.20275,0.7298546
2019-06-09 20:00:00,0.0,0.34375,0.7362926
2019-06-09 21:00:00,0.0,0.3339166666666667,0.7351123
2019-06-09 22:00:00,0.0,0.341,0.7188027
2019-06-09 23:00:00,0.0,0.4589166666666667,0.7116136
2019-06-10 00:00:00,0.0,0.25825,0.7024931
2019-06-10 01:00:00,0.0,0.25433333333333336,0.7002398
2019-06-10 02:00:00,0.0,0.2485,0.704961
2019-06-10 03:00:00,0.0,0.14616666666666667,0.7044245
2019-06-10 04:00:00,0.0,0.14008333333333334,0.694231
2019-06-10 05:00:00,0.09375,0.44308333333333333,0.6791017
2019-06-10 06:00:00,0.28983333333333333,0.9275833333333334,0.6645089
2019-06-10 07:00:00,0.5280833333333333,1.4211666666666667,0.6769557
2019-06-10 08:00:00,0.3999166666666667,1.1781666666666668,0.7048537
2019-06-10 09:00:00,0.4385833333333333,0.5648333333333334,0.709253
2019-06-10 10:00:00,0.42425,1.7306666666666668,0.7137596
2019-06-10 11:00:00,0.7841666666666667,0.6298333333333334,0.6978792
2019-06-10 12:00:00,0.8255,0.7684166666666666,0.7001325
2019-06-10 13:00:00,1.04475,0.6610833333333334,0.7021712
2019-06-10 14:00:00,0.4554166666666667,0.5584166666666667,0.630924
2019-06-10 15:00:00,0.73575,1.4595,0.6092494
2019-06-10 16:00:00,0.87225,1.47475,0.604099
2019-06-10 17:00:00,0.6613333333333333,3.46825,0.6231984
2019-06-10 18:00:00,0.3788333333333333,0.64525,0.6689082
2019-06-10 19:00:00,0.04591666666666666,0.6074166666666666,0.7005617
2019-06-10 20:00:00,0.0,0.7829166666666666,0.7313568
2019-06-10 21:00:00,0.0,1.1504166666666666,0.7394043
2019-06-10 22:00:00,0.0,1.7355,0.7311422
2019-06-10 23:00:00,0.0,1.13775,0.6810331
2019-06-11 00:00:00,0.0,0.8345833333333333,0.6719126
2019-06-11 01:00:00,0.0,0.28625,0.6292072
2019-06-11 02:00:00,0.0,0.2653333333333333,0.6355379
2019-06-11 03:00:00,0.0,0.2648333333333333,0.6253444
2019-06-11 04:00:00,0.0,0.26366666666666666,0.6229838
2019-06-11 05:00:00,0.0,0.26408333333333334,0.6314605
2019-06-11 06:00:00,0.06466666666666668,0.24516666666666664,0.6174042
2019-06-11 07:00:00,0.37958333333333333,0.24175,0.6414394
2019-06-11 08:00:00,0.84025,0.4779166666666667,0.6548519
2019-06-11 09:00:00,1.5401666666666667,0.8409166666666666,0.6868273
2019-06-11 10:00:00,0.43375,0.61125,0.6961624
2019-06-11 11:00:00,0.5509166666666666,0.5828333333333334,0.7054975
2019-06-11 12:00:00,0.011833333333333335,0.4518333333333333,0.7133304
2019-06-11 13:00:00,0.043833333333333335,0.5385833333333334,0.7183735
2019-06-11 14:00:00,0.31908333333333333,0.3541666666666667,0.7020639
2019-06-11 15:00:00,0.9543333333333334,1.512,0.6536716
2019-06-11 16:00:00,0.48491666666666666,1.08825,0.6271685
2019-06-11 17:00:00,0.0985,0.858,0.6003435
2019-06-11 18:00:00,0.030416666666666668,0.2525833333333333,0.6101078
2019-06-11 19:00:00,0.0,0.5779166666666666,0.6678352
2019-06-11 20:00:00,0.0,0.4338333333333333,0.7278159
2019-06-11 21:00:00,0.0,0.7514166666666666,0.7325371
2019-06-11 22:00:00,0.0,0.6835,0.7145107
2019-06-11 23:00:00,0.0,0.6865,0.6637578
2019-06-12 00:00:00,0.0,0.6823333333333333,0.6501307
2019-06-12 01:00:00,0.0,0.65875,0.6197648
2019-06-12 02:00:00,0.0,0.2985,0.6222327
2019-06-12 03:00:00,0.0,0.11833333333333333,0.6189064
2019-06-12 04:00:00,0.0,0.14341666666666666,0.6228765
2019-06-12 05:00:00,0.02025,0.27316666666666667,0.6733075
2019-06-12 06:00:00,0.3278333333333333,0.192,0.6889733
2019-06-12 07:00:00,0.35075,0.22783333333333333,0.7215925
2019-06-12 08:00:00,0.3408333333333333,0.23466666666666666,0.725348
2019-06-12 09:00:00,0.3095833333333333,0.12025,0.736078
2019-06-12 10:00:00,0.25508333333333333,0.33825,0.7463788
2019-06-12 11:00:00,0.4623333333333333,0.3165833333333333,0.7453058
2019-06-12 12:00:00,0.8610833333333334,0.50625,0.7444474
2019-06-12 13:00:00,1.1794166666666668,0.49625,0.7351123
2019-06-12 14:00:00,0.3045833333333333,0.3068333333333333,0.7106479
2019-06-12 15:00:00,0.21558333333333335,0.12858333333333336,0.7050683
2019-06-12 16:00:00,0.5055,0.22641666666666665,0.7022785
2019-06-12 17:00:00,0.814,0.9341666666666666,0.6966989
2019-06-12 18:00:00,0.5331666666666667,0.4110833333333333,0.6950894
2019-06-12 19:00:00,0.11925,0.33366666666666667,0.7093603
2019-06-12 20:00:00,0.006166666666666667,0.4161666666666667,0.7335028
2019-06-12 21:00:00,0.0,0.5846666666666667,0.7188027
2019-06-12 22:00:00,0.0,0.6805,0.6891879
2019-06-12 23:00:00,0.0,0.22375,0.6535643
2019-06-13 00:00:00,0.0,0.15233333333333335,0.6162239
2019-06-13 01:00:00,0.0,0.15308333333333335,0.6176188
2019-06-13 02:00:00,0.0,0.14666666666666667,0.6186918
2019-06-13 03:00:00,0.0,0.15175,0.6140779
2019-06-13 04:00:00,0.0,0.14575,0.6179407
2019-06-13 05:00:00,0.0,0.3305,0.6516329
2019-06-13 06:00:00,0.0,0.16283333333333333,0.6477701
2019-06-13 07:00:00,0.10925,0.12808333333333335,0.7045318
2019-06-13 08:00:00,0.5974166666666666,0.38325,0.7107552
2019-06-13 09:00:00,1.1001666666666667,0.6826666666666666,0.7063559
2019-06-13 10:00:00,1.95125,1.1316666666666668,0.7144034
2019-06-13 11:00:00,2.3481666666666667,0.54625,0.7185881
2019-06-13 12:00:00,2.2560833333333337,0.8383333333333334,0.7104333
2019-06-13 13:00:00,2.2729166666666667,0.2854166666666667,0.6768484
2019-06-13 14:00:00,2.8334166666666665,0.5843333333333334,0.6228765
2019-06-13 15:00:00,0.9885833333333334,0.67575,0.6131122
2019-06-13 16:00:00,0.9399166666666666,0.8471666666666666,0.6230911
2019-06-13 17:00:00,0.24808333333333335,0.3970833333333333,0.6343576
2019-06-13 18:00:00,0.14458333333333334,0.20308333333333334,0.6462679
2019-06-13 19:00:00,0.09275,0.1765,0.6391861
2019-06-13 20:00:00,0.0,0.15,0.6934799
2019-06-13 21:00:00,0.0,0.195,0.6671914
2019-06-13 22:00:00,0.0,0.15425,0.6197648
2019-06-13 23:00:00,0.0,0.12108333333333333,0.5966953
2019-06-14 00:00:00,0.0,0.13266666666666665,0.6020603
2019-06-14 01:00:00,0.0,0.12758333333333333,0.5940128
2019-06-14 02:00:00,0.0,0.12066666666666667,0.5775959
2019-06-14 03:00:00,0.0,0.12791666666666668,0.5769521
2019-06-14 04:00:00,0.0,0.6410833333333333,0.59015
2019-06-14 05:00:00,0.015166666666666667,0.3653333333333333,0.6175115
2019-06-14 06:00:00,0.27166666666666667,0.27016666666666667,0.6336065
2019-06-14 07:00:00,0.5385,0.213,0.6606461
2019-06-14 08:00:00,1.19825,0.686,0.6548519
2019-06-14 09:00:00,1.75875,0.6885,0.6535643
2019-06-14 10:00:00,2.2324166666666665,0.6814166666666667,0.6634359
2019-06-14 11:00:00,2.569,0.6884166666666667,0.6455168
2019-06-14 12:00:00,2.6745833333333335,0.6976666666666667,0.6587147
2019-06-14 13:00:00,2.7568333333333337,0.16308333333333333,0.6667622
2019-06-14 14:00:00,2.7035,0.1475,0.6458387
2019-06-14 15:00:00,2.3835833333333336,0.14175,0.6343576
2019-06-14 16:00:00,1.9038333333333333,0.12308333333333332,0.6307094
2019-06-14 17:00:00,1.4301666666666668,0.4831666666666667,0.6327481
2019-06-14 18:00:00,0.5424166666666667,0.6640833333333334,0.6532424
2019-06-14 19:00:00,0.18975,0.16425,0.6484139
2019-06-14 20:00:00,0.00175,0.15758333333333335,0.6626848
2019-06-14 21:00:00,0.0,0.18241666666666664,0.6602169
2019-06-14 22:00:00,0.0,0.14525,0.6307094
2019-06-14 23:00:00,0.0,0.13183333333333333,0.663114
2019-06-15 00:00:00,0.0,0.1285,0.6606461
2019-06-15 01:00:00,0.0,0.1325,0.6438
2019-06-15 02:00:00,0.0,0.13341666666666666,0.6440146
2019-06-15 03:00:00,0.0,0.13508333333333333,0.639508
2019-06-15 04:00:00,0.0,0.13116666666666665,0.6411175
2019-06-15 05:00:00,0.08991666666666667,0.23025,0.668479
2019-06-15 06:00:00,0.32516666666666666,0.12766666666666668,0.640581
2019-06-15 07:00:00,0.5275833333333334,0.2844166666666667,0.6698739
2019-06-15 08:00:00,1.1250833333333332,0.6930833333333334,0.6901536
2019-06-15 09:00:00,1.7456666666666667,0.695,0.6905828
2019-06-15 10:00:00,1.95975,0.7310833333333334,0.6975573
2019-06-15 11:00:00,1.6289166666666668,0.763,0.7101114
2019-06-15 12:00:00,1.62325,0.38,0.7108625
2019-06-15 13:00:00,2.6085833333333337,0.3640833333333333,0.7056048
2019-06-15 14:00:00,2.0975833333333336,0.3823333333333333,0.701742
2019-06-15 15:00:00,2.1484166666666664,0.8435,0.698523
2019-06-15 16:00:00,1.31475,0.6183333333333334,0.6998106
2019-06-15 17:00:00,0.67225,0.1615,0.6900463
2019-06-15 18:00:00,0.5,0.94625,0.6763119
2019-06-15 19:00:00,0.10266666666666667,0.8349166666666666,0.6950894
2019-06-15 20:00:00,0.0021666666666666666,0.4095,0.7109698
2019-06-15 21:00:00,0.0,0.3859166666666667,0.7120428
2019-06-15 22:00:00,0.0,0.16616666666666666,0.693158
2019-06-15 23:00:00,0.0,0.17391666666666666,0.6535643
2019-06-16 00:00:00,0.0,0.138,0.6589293
2019-06-16 01:00:00,0.0,0.13283333333333333,0.6466971
2019-06-16 02:00:00,0.0,0.12508333333333332,0.6385423
2019-06-16 03:00:00,0.0,0.13141666666666665,0.6383277
2019-06-16 04:00:00,0.0,0.1185,0.652384
2019-06-16 05:00:00,0.0,0.13433333333333333,0.6536716
2019-06-16 06:00:00,0.23133333333333334,0.15158333333333335,0.6882222
2019-06-16 07:00:00,0.5101666666666667,0.24833333333333335,0.7227728
2019-06-16 08:00:00,0.861,0.851,0.7203049
2019-06-16 09:00:00,1.4884166666666667,1.9029166666666668,0.7079654
2019-06-16 10:00:00,1.33775,1.1216666666666668,0.7151545
2019-06-16 11:00:00,1.3585833333333333,0.905,0.7203049
2019-06-16 12:00:00,2.4344166666666665,0.7989166666666666,0.7184808
2019-06-16 13:00:00,1.6363333333333332,0.8109166666666666,0.7086092
2019-06-16 14:00:00,2.2158333333333333,0.7755833333333334,0.6784579
2019-06-16 15:00:00,1.9404166666666667,2.06275,0.6602169
2019-06-16 16:00:00,0.6579166666666666,0.34933333333333333,0.6638651
2019-06-16 17:00:00,0.14091666666666666,0.23491666666666666,0.6454095
2019-06-16 18:00:00,0.004666666666666667,0.21466666666666664,0.6664403
2019-06-16 19:00:00,0.0,0.30083333333333334,0.6635432
2019-06-16 20:00:00,0.0,0.3245,0.6703031
2019-06-16 21:00:00,0.0,0.3269166666666667,0.6796382
2019-06-16 22:00:00,0.0,0.4175,0.6424051
2019-06-16 23:00:00,0.0,0.6759166666666666,0.6086056
2019-06-17 00:00:00,0.0,0.3294166666666667,0.610537
2019-06-17 01:00:00,0.0,0.12941666666666665,0.6089275
2019-06-17 02:00:00,0.0,0.13233333333333333,0.6098932
2019-06-17 03:00:00,0.0,0.12758333333333333,0.6106443
2019-06-17 04:00:00,0.0,0.13033333333333336,0.6153655
2019-06-17 05:00:00,0.010833333333333334,0.12708333333333333,0.6447657
2019-06-17 06:00:00,0.23383333333333334,0.4075,0.6221254
2019-06-17 07:00:00,0.41483333333333333,0.20791666666666667,0.6289926
2019-06-17 08:00:00,0.9469166666666666,0.515,0.6152582
2019-06-17 09:00:00,1.7345,0.69975,0.6310313
2019-06-17 10:00:00,0.9920833333333333,0.4405833333333333,0.6476628
2019-06-17 11:00:00,1.0254166666666666,0.4801666666666667,0.6468044
2019-06-17 12:00:00,2.2729166666666667,0.6905833333333333,0.6489504
2019-06-17 13:00:00,2.75475,0.7046666666666667,0.666333
2019-06-17 14:00:00,2.0699166666666664,0.6994166666666666,0.613756
2019-06-17 15:00:00,1.6455,0.44175,0.6103224
2019-06-17 16:00:00,2.1806666666666663,0.14833333333333334,0.6063523
2019-06-17 17:00:00,1.1938333333333333,0.23041666666666666,0.6128976
2019-06-17 18:00:00,0.48083333333333333,0.8563333333333334,0.6104297
2019-06-17 19:00:00,0.20466666666666666,1.0534166666666667,0.6199794
2019-06-17 20:00:00,0.004083333333333333,0.3299166666666667,0.6688009
2019-06-17 21:00:00,0.0,0.9395833333333333,0.6499161
2019-06-17 22:00:00,0.0,0.3353333333333333,0.628778
2019-06-17 23:00:00,0.0,0.5656666666666667,0.5736258
2019-06-18 00:00:00,0.0,0.14233333333333334,0.5727674
2019-06-18 01:00:00,0.0,0.14658333333333334,0.5330664
2019-06-18 02:00:00,0.0,0.1245,0.5255554
2019-06-18 03:00:00,0.0,0.12983333333333336,0.5231948
2019-06-18 04:00:00,0.0,0.12866666666666665,0.5208342
2019-06-18 05:00:00,0.0,0.13158333333333333,0.5177225
2019-06-18 06:00:00,0.058166666666666665,1.13475,0.5147181
2019-06-18 07:00:00,0.40166666666666667,0.4290833333333333,0.5425088
2019-06-18 08:00:00,1.3135833333333333,0.8995,0.5496979
2019-06-18 09:00:00,1.4914166666666668,0.8018333333333334,0.5427234
2019-06-18 10:00:00,2.1518333333333333,0.7075833333333333,0.5564578
2019-06-18 11:00:00,2.2995833333333335,0.702,0.5769521
2019-06-18 12:00:00,2.5764166666666664,0.7043333333333334,0.6092494
2019-06-18 13:00:00,2.6426666666666665,0.7025833333333333,0.5848923
2019-06-18 14:00:00,2.46175,0.17458333333333334,0.5448694
2019-06-18 15:00:00,2.3676666666666666,0.14033333333333334,0.5233021
2019-06-18 16:00:00,2.011833333333333,0.14758333333333334,0.5231948
2019-06-18 17:00:00,1.426,0.4714166666666667,0.5179371
2019-06-18 18:00:00,0.5548333333333334,0.25625,0.5133232
2019-06-18 19:00:00,0.16333333333333333,0.16116666666666665,0.5425088
2019-06-18 20:00:00,0.0,0.14525,0.6208378
2019-06-18 21:00:00,0.0,0.13808333333333334,0.6548519
2019-06-18 22:00:00,0.0,0.14375,0.5782397
2019-06-18 23:00:00,0.0,0.14041666666666666,0.6574271
2019-06-19 00:00:00,0.0,0.14375,0.6446584
2019-06-19 01:00:00,0.0,0.14116666666666666,0.6181553
2019-06-19 02:00:00,0.0,0.13916666666666666,0.5616082
2019-06-19 03:00:00,0.0,0.14425,0.5617155
2019-06-19 04:00:00,0.0,0.2809166666666667,0.6090348
2019-06-19 05:00:00,0.0,0.26108333333333333,0.6420832
2019-06-19 06:00:00,0.0505,0.14366666666666666,0.6499161
2019-06-19 07:00:00,0.35175,0.13633333333333333,0.6708396
2019-06-19 08:00:00,1.1064166666666668,0.6491666666666667,0.6636505
2019-06-19 09:00:00,1.6565,0.7026666666666667,0.6594658
2019-06-19 10:00:00,2.0898333333333334,0.7076666666666667,0.6919777
2019-06-19 11:00:00,2.4025,0.71875,0.7106479
2019-06-19 12:00:00,2.3645833333333335,0.7166666666666667,0.713545
2019-06-19 13:00:00,1.5315,0.736,0.7091457
2019-06-19 14:00:00,1.2980833333333333,0.322,0.6966989
2019-06-19 15:00:00,0.45366666666666666,0.14941666666666667,0.6850032
2019-06-19 16:00:00,0.2574166666666667,0.14783333333333334,0.6839302
2019-06-19 17:00:00,0.3711666666666667,0.144,0.6833937
2019-06-19 18:00:00,0.4246666666666667,0.14291666666666666,0.6616118
2019-06-19 19:00:00,0.19658333333333333,0.14058333333333334,0.6752389
2019-06-19 20:00:00,0.0004166666666666667,0.14191666666666666,0.6871492
2019-06-19 21:00:00,0.0,0.15375,0.6683717
2019-06-19 22:00:00,0.0,0.14308333333333334,0.63307
2019-06-19 23:00:00,0.0,0.13166666666666665,0.6023822
2019-06-20 00:00:00,0.0,0.12675,0.5639688
2019-06-20 01:00:00,0.0,0.128,0.5223364
2019-06-20 02:00:00,0.0,0.12025,0.5206196
2019-06-20 03:00:00,0.0,0.12725,0.5208342
2019-06-20 04:00:00,0.0,0.12366666666666667,0.5307058
2019-06-20 05:00:00,0.0,0.12525,0.5936909
2019-06-20 06:00:00,0.028416666666666666,0.11858333333333333,0.6113954
2019-06-20 07:00:00,0.3335,0.12675,0.6492723
2019-06-20 08:00:00,1.1351666666666667,0.64425,0.6640797
2019-06-20 09:00:00,1.6665833333333333,0.6931666666666666,0.6814623
2019-06-20 10:00:00,2.1038333333333337,0.705,0.7198757
2019-06-20 11:00:00,2.3975833333333334,0.7154166666666666,0.7324298
2019-06-20 12:00:00,2.5470833333333336,0.7126666666666667,0.743589
2019-06-20 13:00:00,2.0836666666666663,0.5916666666666667,0.7367218
2019-06-20 14:00:00,1.4119166666666667,0.17358333333333334,0.7308203
2019-06-20 15:00:00,2.4070833333333335,0.144,0.7310349
2019-06-20 16:00:00,2.018333333333333,0.2725833333333333,0.7288889
2019-06-20 17:00:00,1.4154166666666668,0.7001666666666666,0.7255626
2019-06-20 18:00:00,0.4695833333333333,0.3788333333333333,0.7057121
2019-06-20 19:00:00,0.05291666666666667,0.13758333333333334,0.7100041
2019-06-20 20:00:00,0.0,0.13166666666666665,0.7208414
2019-06-20 21:00:00,0.0,0.13508333333333333,0.7151545
2019-06-20 22:00:00,0.0,0.1295,0.7007763
2019-06-20 23:00:00,0.0,0.12933333333333336,0.6939091
2019-06-21 00:00:00,0.0,0.12966666666666665,0.6955186
2019-06-21 01:00:00,0.0,0.12508333333333332,0.6826426
2019-06-21 02:00:00,0.0,0.11791666666666667,0.6816769
2019-06-21 03:00:00,0.0,0.12441666666666668,0.6842521
2019-06-21 04:00:00,0.0,0.12783333333333333,0.687793
2019-06-21 05:00:00,0.02925,0.12716666666666668,0.7004544
2019-06-21 06:00:00,0.2500833333333333,0.1265,0.7046391
2019-06-21 07:00:00,0.526,0.18033333333333335,0.7442328
2019-06-21 08:00:00,0.939,0.673,0.738224
2019-06-21 09:00:00,0.24833333333333335,0.2845833333333333,0.7303911
2019-06-21 10:00:00,0.95625,0.4674166666666667,0.7538898
2019-06-21 11:00:00,0.5763333333333334,0.47125,0.7583964
2019-06-21 12:00:00,1.1179166666666667,0.5488333333333334,0.7567869
2019-06-21 13:00:00,1.8353333333333333,0.6655833333333334,0.7544263
2019-06-21 14:00:00,2.1530833333333335,0.13833333333333334,0.7460569
2019-06-21 15:00:00,2.0868333333333333,0.5605833333333333,0.742516
2019-06-21 16:00:00,2.21575,0.7093333333333334,0.7438036
2019-06-21 17:00:00,0.6658333333333334,0.4786666666666667,0.7461642
2019-06-21 18:00:00,0.0275,0.13275,0.7213779
2019-06-21 19:00:00,0.007,0.133,0.7286743
2019-06-21 20:00:00,0.0,0.125,0.7354342
2019-06-21 21:00:00,0.0,0.1285,0.7326444
2019-06-21 22:00:00,0.0,0.12966666666666665,0.7050683
2019-06-21 23:00:00,0.0,0.13075,0.6902609
2019-06-22 00:00:00,0.0,0.12458333333333332,0.6819988
2019-06-22 01:00:00,0.0,0.12633333333333333,0.6830718
2019-06-22 02:00:00,0.0,0.23058333333333333,0.6855397
2019-06-22 03:00:00,0.0,0.6706666666666666,0.6837156
2019-06-22 04:00:00,0.0,0.4850833333333333,0.6803893
2019-06-22 05:00:00,0.037083333333333336,0.12783333333333333,0.6879003
2019-06-22 06:00:00,0.3213333333333333,0.13191666666666665,0.6945529
2019-06-22 07:00:00,0.554,0.12841666666666665,0.7212706
2019-06-22 08:00:00,0.8714166666666666,0.5363333333333333,0.730713
2019-06-22 09:00:00,0.7530833333333333,0.68275,0.7299619
2019-06-22 10:00:00,0.5798333333333334,0.3095,0.7595767
2019-06-22 11:00:00,1.9013333333333333,0.7009166666666666,0.7644052
2019-06-22 12:00:00,1.9798333333333333,0.7020833333333334,0.7691264
2019-06-22 13:00:00,1.6278333333333332,0.7218333333333333,0.7655855
2019-06-22 14:00:00,0.9795,0.7020833333333334,0.7537825
2019-06-22 15:00:00,1.3498333333333332,0.7134166666666666,0.7528168
2019-06-22 16:00:00,0.5238333333333334,0.39116666666666666,0.7483102
2019-06-22 17:00:00,0.4290833333333333,0.12833333333333335,0.7397262
2019-06-22 18:00:00,0.17316666666666666,0.12975,0.7212706
2019-06-22 19:00:00,0.0125,0.1275,0.7216998
2019-06-22 20:00:00,0.0,0.13308333333333333,0.7287816
2019-06-22 21:00:00,0.0,0.127,0.726421
2019-06-22 22:00:00,0.0,0.12541666666666668,0.7000252
2019-06-22 23:00:00,0.0,0.12483333333333332,0.6871492
2019-06-23 00:00:00,0.0,0.33375,0.6814623
2019-06-23 01:00:00,0.0,0.6845833333333333,0.6675133
2019-06-23 02:00:00,0.0,0.6721666666666666,0.6417613
2019-06-23 03:00:00,0.0,0.6694166666666667,0.6370401
2019-06-23 04:00:00,0.0,0.13791666666666666,0.640581
2019-06-23 05:00:00,0.0,0.13233333333333333,0.674917
2019-06-23 06:00:00,0.0010833333333333333,0.11266666666666666,0.6940164
2019-06-23 07:00:00,0.29933333333333334,0.12783333333333333,0.7235239
2019-06-23 08:00:00,0.5504166666666667,0.3063333333333333,0.7209487
2019-06-23 09:00:00,0.20066666666666666,0.12958333333333336,0.7251334
2019-06-23 10:00:00,0.377,0.1295,0.7552847
2019-06-23 11:00:00,0.4105,0.13258333333333333,0.7581818
2019-06-23 12:00:00,0.6599166666666666,0.3309166666666667,0.7551774
2019-06-23 13:00:00,0.8795,0.6941666666666666,0.7486321
2019-06-23 14:00:00,1.22925,0.70975,0.7412284
2019-06-23 15:00:00,1.43675,0.7008333333333334,0.737151
2019-06-23 16:00:00,2.0613333333333337,0.7005,0.7369364
2019-06-23 17:00:00,0.88875,0.58125,0.7337174
2019-06-23 18:00:00,0.2995,0.12333333333333332,0.7194465
2019-06-23 19:00:00,0.0,0.13133333333333333,0.7218071
2019-06-23 20:00:00,0.0,0.12733333333333333,0.7206268
2019-06-23 21:00:00,0.0,0.12708333333333333,0.7226655
2019-06-23 22:00:00,0.0,0.12475,0.7112917
2019-06-23 23:00:00,0.0,0.12958333333333336,0.609464
2019-06-24 00:00:00,0.0,0.13633333333333333,0.5979829
2019-06-24 01:00:00,0.0,0.13233333333333333,0.5936909
2019-06-24 02:00:00,0.0,0.11808333333333333,0.6015238
2019-06-24 03:00:00,0.0,0.13075,0.6013092
2019-06-24 04:00:00,0.0,0.12225,0.6072107
2019-06-24 05:00:00,0.0,0.12216666666666667,0.597661
2019-06-24 06:00:00,0.18375,0.12616666666666668,0.6064596
2019-06-24 07:00:00,0.46016666666666667,0.16325,0.651311
2019-06-24 08:00:00,1.0228333333333333,0.7313333333333334,0.677063
2019-06-24 09:00:00,1.3826666666666667,0.772,0.6905828
2019-06-24 10:00:00,2.00575,0.74775,0.6977719
2019-06-24 11:00:00,1.53875,0.73825,0.6951967
2019-06-24 12:00:00,2.2716666666666665,0.74525,0.7024931
2019-06-24 13:00:00,2.593,0.74875,0.6993814
2019-06-24 14:00:00,2.5119166666666666,0.3414166666666667,0.6921923
2019-06-24 15:00:00,2.3414166666666665,0.177,0.6801747
2019-06-24 16:00:00,1.9884166666666667,0.17891666666666667,0.6794236
2019-06-24 17:00:00,1.2700833333333332,0.16916666666666666,0.6840375
2019-06-24 18:00:00,0.4553333333333333,0.1855,0.6946602
2019-06-24 19:00:00,0.12208333333333334,0.17025,0.6925142
2019-06-24 20:00:00,0.0015833333333333333,0.13508333333333333,0.7045318
2019-06-24 21:00:00,0.0,0.13125,0.7080727
2019-06-24 22:00:00,0.0,0.12925,0.6851105
2019-06-24 23:00:00,0.0,0.13075,0.6989522
2019-06-25 00:00:00,0.0,0.13033333333333336,0.6933726
2019-06-25 01:00:00,0.0,0.13125,0.6886514
2019-06-25 02:00:00,0.0,0.13641666666666666,0.6929434
2019-06-25 03:00:00,0.0,0.6758333333333334,0.6853251
2019-06-25 04:00:00,0.0,0.67,0.6875784
2019-06-25 05:00:00,0.0,0.12791666666666668,0.6819988
2019-06-25 06:00:00,0.02791666666666667,0.12441666666666668,0.6579636
2019-06-25 07:00:00,0.3115,0.12391666666666667,0.6884368
2019-06-25 08:00:00,1.1015833333333334,0.6006666666666667,0.6925142
2019-06-25 09:00:00,1.681,0.6966666666666667,0.6809258
2019-06-25 10:00:00,2.1021666666666663,0.70125,0.6881149
2019-06-25 11:00:00,2.3811666666666667,0.7070833333333334,0.6934799
2019-06-25 12:00:00,2.53775,0.7205,0.7004544
2019-06-25 13:00:00,2.5523333333333333,0.423,0.7013128
2019-06-25 14:00:00,2.4761666666666664,0.14283333333333334,0.6934799
2019-06-25 15:00:00,2.1086666666666667,0.14375,0.6827499
2019-06-25 16:00:00,1.7958333333333332,0.32766666666666666,0.6762046
2019-06-25 17:00:00,1.3361666666666667,0.691,0.6799601
2019-06-25 18:00:00,0.4441666666666667,0.3249166666666667,0.6909047
2019-06-25 19:00:00,0.1405,0.13691666666666666,0.699596
2019-06-25 20:00:00,0.0009166666666666666,0.12416666666666668,0.7077508
2019-06-25 21:00:00,0.0,0.14208333333333334,0.7141888
2019-06-25 22:00:00,0.0,0.13208333333333333,0.7034588
2019-06-25 23:00:00,0.0,0.12783333333333333,0.699596
2019-06-26 00:00:00,0.0,0.133,0.6831791
2019-06-26 01:00:00,0.0,0.1325,0.6538862
2019-06-26 02:00:00,0.0,0.3015833333333333,0.6184772
2019-06-26 03:00:00,0.0,0.6888333333333334,0.6189064
2019-06-26 04:00:00,0.0,0.5951666666666666,0.6382204
2019-06-26 05:00:00,0.0,0.12225,0.6811404
2019-06-26 06:00:00,0.06383333333333334,0.13341666666666666,0.7096822
2019-06-26 07:00:00,0.36975,0.13825,0.7432671
2019-06-26 08:00:00,1.0565,0.6968333333333334,0.7526022
2019-06-26 09:00:00,1.6003333333333332,0.9038333333333334,0.7523876
2019-06-26 10:00:00,2.022333333333333,0.8728333333333333,0.7752425
2019-06-26 11:00:00,2.3455833333333334,0.81675,0.7808221
2019-06-26 12:00:00,2.52125,0.818,0.7828608
2019-06-26 13:00:00,2.5228333333333337,0.8196666666666667,0.7784615
2019-06-26 14:00:00,2.2739166666666666,0.7084166666666666,0.7683753
2019-06-26 15:00:00,2.2519166666666663,0.24766666666666665,0.7660147
2019-06-26 16:00:00,1.9126666666666667,0.24883333333333335,0.7652636
2019-06-26 17:00:00,1.2408333333333332,0.24858333333333335,0.7595767
2019-06-26 18:00:00,0.5234166666666666,0.242,0.7458423
2019-06-26 19:00:00,0.17383333333333334,0.24675,0.7492759
2019-06-26 20:00:00,0.0,0.23783333333333334,0.7523876
2019-06-26 21:00:00,0.0,0.23466666666666666,0.7630103
2019-06-26 22:00:00,0.0,0.2365,0.7396189
2019-06-26 23:00:00,0.0,0.766,0.713545
2019-06-27 00:00:00,0.0,0.7924166666666667,0.6978792
2019-06-27 01:00:00,0.0,0.4215,0.6829645
2019-06-27 02:00:00,0.0,0.22925,0.6816769
2019-06-27 03:00:00,0.0,0.232,0.6837156
2019-06-27 04:00:00,0.0,0.226,0.6895098
2019-06-27 05:00:00,0.0,0.22625,0.6956259
2019-06-27 06:00:00,0.007583333333333333,0.21508333333333335,0.716764
2019-06-27 07:00:00,0.35691666666666666,0.16608333333333333,0.7612935
2019-06-27 08:00:00,1.03125,0.74725,0.7726673
2019-06-27 09:00:00,1.5773333333333333,0.7560833333333333,0.7690191
2019-06-27 10:00:00,1.9925833333333332,0.7523333333333334,0.7931616
2019-06-27 11:00:00,2.25825,0.76275,0.7969171
2019-06-27 12:00:00,2.4169166666666664,0.7676666666666666,0.7967025
2019-06-27 13:00:00,2.4546666666666663,0.7795,0.7829681
2019-06-27 14:00:00,2.3825,0.7796666666666666,0.7697702
2019-06-27 15:00:00,2.1891666666666665,0.7791666666666667,0.7625811
2019-06-27 16:00:00,1.8705,0.76325,0.7617227
2019-06-27 17:00:00,1.3119166666666668,0.777,0.7608643
2019-06-27 18:00:00,0.5028333333333334,0.2930833333333333,0.7448766
2019-06-27 19:00:00,0.15958333333333335,0.19858333333333333,0.7539971
2019-06-27 20:00:00,0.0009166666666666666,0.18558333333333335,0.76183
2019-06-27 21:00:00,0.0,0.18458333333333335,0.7561431
2019-06-27 22:00:00,0.0,0.18283333333333335,0.7294254
2019-06-27 23:00:00,0.0,0.17708333333333334,0.7067851
2019-06-28 00:00:00,0.0,0.17933333333333334,0.7005617
2019-06-28 01:00:00,0.0,0.17133333333333334,0.6926215
2019-06-28 02:00:00,0.0,0.6488333333333334,0.6833937
2019-06-28 03:00:00,0.0,0.7426666666666666,0.685647
2019-06-28 04:00:00,0.0,0.6563333333333333,0.6896171
2019-06-28 05:00:00,0.0,0.17608333333333334,0.6922996
2019-06-28 06:00:00,0.0,0.18116666666666667,0.7102187
2019-06-28 07:00:00,0.341,0.18225,0.7501343
2019-06-28 08:00:00,1.02175,0.6560833333333334,0.7455204
2019-06-28 09:00:00,1.5633333333333332,0.76875,0.7486321
2019-06-28 10:00:00,1.9854166666666668,0.74575,0.7783542
2019-06-28 11:00:00,2.2565,0.7449166666666667,0.7826462
2019-06-28 12:00:00,2.3988333333333336,0.7485,0.7867236
2019-06-28 13:00:00,2.4198333333333335,0.7514166666666666,0.7837192
2019-06-28 14:00:00,2.3083333333333336,0.7528333333333334,0.7705213
2019-06-28 15:00:00,2.14525,0.7525833333333334,0.7667658
2019-06-28 16:00:00,1.81725,0.7510833333333333,0.7652636
2019-06-28 17:00:00,1.30425,0.75,0.7605424
2019-06-28 18:00:00,0.5063333333333333,0.2664166666666667,0.7536752
2019-06-28 19:00:00,0.17375,0.15725,0.7491686
2019-06-28 20:00:00,0.0028333333333333335,0.15141666666666664,0.7456277
2019-06-28 21:00:00,0.0,0.1525,0.7482029
2019-06-28 22:00:00,0.0,0.14991666666666667,0.7209487
2019-06-28 23:00:00,0.0,0.15,0.7009909
2019-06-29 00:00:00,0.0,0.226,0.68672
2019-06-29 01:00:00,0.0,0.7093333333333334,0.6819988
2019-06-29 02:00:00,0.0,0.7043333333333334,0.6688009
2019-06-29 03:00:00,0.0,0.4549166666666667,0.6681571
2019-06-29 04:00:00,0.0,0.13416666666666666,0.6690155
2019-06-29 05:00:00,0.0,0.14983333333333335,0.6754535
2019-06-29 06:00:00,0.0015,0.14891666666666667,0.6858616
2019-06-29 07:00:00,0.365,0.14841666666666667,0.7369364
2019-06-29 08:00:00,1.01975,0.6125833333333334,0.7458423
2019-06-29 09:00:00,1.5618333333333332,0.73325,0.7515292
2019-06-29 10:00:00,2.0,0.7345,0.7801783
2019-06-29 11:00:00,2.3035833333333335,0.7580833333333333,0.7837192
2019-06-29 12:00:00,2.4684166666666667,0.7924166666666667,0.7794272
2019-06-29 13:00:00,2.5184166666666665,0.7734166666666666,0.7783542
2019-06-29 14:00:00,2.4579166666666663,0.8068333333333334,0.7676242
2019-06-29 15:00:00,2.2393333333333336,0.79475,0.7663366
2019-06-29 16:00:00,2.0311666666666666,0.7943333333333333,0.7651563
2019-06-29 17:00:00,1.4990833333333333,0.79125,0.7616154
2019-06-29 18:00:00,0.5796666666666667,0.3149166666666667,0.7456277
2019-06-29 19:00:00,0.22916666666666666,0.19475,0.7427306
2019-06-29 20:00:00,0.005333333333333333,0.19166666666666665,0.7562504
2019-06-29 21:00:00,0.0,0.18141666666666667,0.7490613
2019-06-29 22:00:00,0.0,0.1495,0.7292108
2019-06-29 23:00:00,0.0,0.14583333333333334,0.7058194
2019-06-30 00:00:00,0.0,0.151,0.7014201
2019-06-30 01:00:00,0.0,0.14933333333333335,0.6855397
2019-06-30 02:00:00,0.0,0.1385,0.6779214
2019-06-30 03:00:00,0.0,0.14458333333333334,0.6741659
2019-06-30 04:00:00,0.0,0.13708333333333333,0.684574
2019-06-30 05:00:00,0.0,0.13691666666666666,0.6980938
2019-06-30 06:00:00,0.015916666666666666,0.14316666666666666,0.7122574
2019-06-30 07:00:00,0.2890833333333333,0.12875,0.7523876
2019-06-30 08:00:00,1.0818333333333332,0.69975,0.7494905
2019-06-30 09:00:00,1.6675833333333332,0.7250833333333334,0.7509927
2019-06-30 10:00:00,2.1019166666666664,0.7664166666666666,0.7734184
2019-06-30 11:00:00,2.3756666666666666,0.7838333333333334,0.7752425
2019-06-30 12:00:00,2.5264166666666665,0.7835833333333334,0.7758863
2019-06-30 13:00:00,2.5519166666666666,0.7929166666666666,0.7642979
2019-06-30 14:00:00,2.46525,0.795,0.7502416
2019-06-30 15:00:00,2.2759166666666664,0.7958333333333334,0.7486321
2019-06-30 16:00:00,1.9616666666666667,0.6110833333333334,0.7467007
2019-06-30 17:00:00,1.4318333333333333,0.20033333333333334,0.7433744
2019-06-30 18:00:00,0.5360833333333334,0.19658333333333333,0.7259918
2019-06-30 19:00:00,0.20341666666666666,0.17491666666666666,0.7384386
2019-06-30 20:00:00,0.00525,0.15125,0.7367218
2019-06-30 21:00:00,0.0,0.15041666666666667,0.7438036
2019-06-30 22:00:00,0.0,0.14925,0.7365072
2019-06-30 23:00:00,0.0,0.14833333333333334,0.7191246
