final_idx,Predicted,Actual,Residuals
01-05-2019 00:00,0.17636293,0.213666667,0.037303735
01-05-2019 01:00,0.17267466,0.208083333,0.035408677
01-05-2019 02:00,0.17323813,0.19325,0.020011872
01-05-2019 03:00,0.18735057,0.214583333,0.027232762
01-05-2019 04:00,0.24164729,0.197416667,-0.044230622
01-05-2019 05:00,0.26418135,0.2605,-0.003681346
01-05-2019 06:00,0.3380445,0.305083333,-0.032961161
01-05-2019 07:00,0.40682825,0.201,-0.205828254
01-05-2019 08:00,0.3764271,0.554166667,0.177739553
01-05-2019 09:00,0.6059012,0.735333333,0.129432152
01-05-2019 10:00,0.7016983,0.74725,0.045551697
01-05-2019 11:00,0.74278396,0.215333333,-0.52745063
01-05-2019 12:00,0.4206911,0.64575,0.225058897
01-05-2019 13:00,0.65306234,0.694833333,0.04177099
01-05-2019 14:00,0.6784982,0.627166667,-0.051331542
01-05-2019 15:00,0.62049466,0.491583333,-0.12891133
01-05-2019 16:00,0.5372228,1.728416667,1.191193864
01-05-2019 17:00,0.8422221,0.944166667,0.101944572
01-05-2019 18:00,0.8169466,0.555,-0.261946626
01-05-2019 19:00,0.59642607,0.56975,-0.02667607
01-05-2019 20:00,0.6029107,0.374916667,-0.227994031
01-05-2019 21:00,0.4637629,0.35925,-0.104512909
01-05-2019 22:00,0.43386456,0.261,-0.172864564
01-05-2019 23:00,0.3202121,0.203166667,-0.117045429
02-05-2019 00:00,0.22921298,0.201333333,-0.027879651
02-05-2019 01:00,0.22095647,0.19875,-0.022206475
02-05-2019 02:00,0.21258286,0.19875,-0.013832856
02-05-2019 03:00,0.22874519,0.196416667,-0.032328526
02-05-2019 04:00,0.24990217,0.193666667,-0.056235507
02-05-2019 05:00,0.26623443,0.260583333,-0.005651094
02-05-2019 06:00,0.32210854,0.402083333,0.079974796
02-05-2019 07:00,0.42125514,0.20125,-0.220005141
02-05-2019 08:00,0.30602092,0.5735,0.267479084
02-05-2019 09:00,0.53677714,0.746666667,0.209889528
02-05-2019 10:00,0.62863994,0.747666667,0.11902673
02-05-2019 11:00,0.6669237,0.2145,-0.452423702
02-05-2019 12:00,0.33461365,0.201916667,-0.132696984
02-05-2019 13:00,0.2580402,0.344333333,0.086293144
02-05-2019 14:00,0.38369796,0.735583333,0.351885377
02-05-2019 15:00,0.5762466,0.269083333,-0.307163286
02-05-2019 16:00,0.3525619,1.377416667,1.024854776
02-05-2019 17:00,0.79316354,0.291833333,-0.501330205
02-05-2019 18:00,0.5377822,0.235416667,-0.302365526
02-05-2019 19:00,0.415924,0.253583333,-0.162340679
02-05-2019 20:00,0.44588867,0.347,-0.098888668
02-05-2019 21:00,0.46587092,0.373333333,-0.092537584
02-05-2019 22:00,0.41432652,0.969166667,0.554840148
02-05-2019 23:00,0.618579,0.251583333,-0.366995637
03-05-2019 00:00,0.21260816,0.563583333,0.350975175
03-05-2019 01:00,0.43313947,0.218416667,-0.214722807
03-05-2019 02:00,0.17877057,0.497416667,0.318646095
03-05-2019 03:00,0.3613519,0.312083333,-0.049268574
03-05-2019 04:00,0.24444462,0.206666667,-0.037777957
03-05-2019 05:00,0.19752511,0.356916667,0.159391553
03-05-2019 06:00,0.31011257,0.226416667,-0.083695899
03-05-2019 07:00,0.23651734,0.218833333,-0.017684007
03-05-2019 08:00,0.26214004,0.348666667,0.086526631
03-05-2019 09:00,0.38424262,0.38125,-0.002992624
03-05-2019 10:00,0.40838724,0.432,0.023612756
03-05-2019 11:00,0.44175848,0.7345,0.292741516
03-05-2019 12:00,0.5812588,0.798916667,0.217657893
03-05-2019 13:00,0.6400963,0.21925,-0.420846307
03-05-2019 14:00,0.24205483,0.209833333,-0.032221502
03-05-2019 15:00,0.19959357,0.204166667,0.004573093
03-05-2019 16:00,0.23734386,0.2495,0.012156137
03-05-2019 17:00,0.30881602,1.319666667,1.010850651
03-05-2019 18:00,0.8269616,0.358916667,-0.46804491
03-05-2019 19:00,0.58547163,0.284333333,-0.301138297
03-05-2019 20:00,0.4755076,0.37125,-0.104257587
03-05-2019 21:00,0.5605747,0.735916667,0.175341956
03-05-2019 22:00,0.65578616,0.722166667,0.06638051
03-05-2019 23:00,0.5264545,0.723583333,0.197128825
04-05-2019 00:00,0.4796294,0.71725,0.237620603
04-05-2019 01:00,0.44331682,0.719416667,0.276099849
04-05-2019 02:00,0.4233679,0.71075,0.287382112
04-05-2019 03:00,0.3968975,0.72025,0.323352505
04-05-2019 04:00,0.3861807,0.722083333,0.335902634
04-05-2019 05:00,0.380752,0.74775,0.366998003
04-05-2019 06:00,0.39688656,0.272166667,-0.124719891
04-05-2019 07:00,0.1760515,0.34375,0.167698503
04-05-2019 08:00,0.2936976,0.413,0.119302404
04-05-2019 09:00,0.40204123,0.234166667,-0.16787456
04-05-2019 10:00,0.28699607,0.20475,-0.082246067
04-05-2019 11:00,0.2881435,0.400833333,0.112689848
04-05-2019 12:00,0.48613852,0.290833333,-0.195305189
04-05-2019 13:00,0.3101759,0.601166667,0.290990771
04-05-2019 14:00,0.5603275,0.392583333,-0.167744137
04-05-2019 15:00,0.3906583,0.5335,0.142841711
04-05-2019 16:00,0.53174925,0.4235,-0.108249249
04-05-2019 17:00,0.5117269,0.224083333,-0.287643583
04-05-2019 18:00,0.38728017,0.21775,-0.169530166
04-05-2019 19:00,0.4810727,0.218166667,-0.262906027
04-05-2019 20:00,0.41801006,0.214583333,-0.203426723
04-05-2019 21:00,0.27516055,0.204,-0.071160551
04-05-2019 22:00,0.17155227,0.24,0.068447729
04-05-2019 23:00,0.15662175,0.221083333,0.064461579
05-05-2019 00:00,0.10227442,0.20325,0.100975582
05-05-2019 01:00,0.12362227,0.21275,0.089127732
05-05-2019 02:00,0.15480134,0.209333333,0.054531994
05-05-2019 03:00,0.16346192,0.205333333,0.04187141
05-05-2019 04:00,0.1760877,0.204,0.027912293
05-05-2019 05:00,0.19023982,0.223583333,0.033343516
05-05-2019 06:00,0.22457588,0.210916667,-0.013659211
05-05-2019 07:00,0.24261184,0.200416667,-0.042195174
05-05-2019 08:00,0.30289367,0.22025,-0.082643668
05-05-2019 09:00,0.4098608,0.411666667,0.001805877
05-05-2019 10:00,0.6270055,1.114083333,0.487077816
05-05-2019 11:00,0.8899265,0.687416667,-0.202509827
05-05-2019 12:00,0.8985666,0.751833333,-0.14673327
05-05-2019 13:00,1.3032746,2.400333333,1.097058702
05-05-2019 14:00,0.6737857,1.1925,0.518714314
05-05-2019 15:00,0.7683571,0.56875,-0.199607098
05-05-2019 16:00,0.71913624,0.45775,-0.261386238
05-05-2019 17:00,0.58403534,1.1935,0.609464663
05-05-2019 18:00,0.86698663,1.126583333,0.259596701
05-05-2019 19:00,0.8967845,0.515333333,-0.381451151
05-05-2019 20:00,0.6597729,0.73875,0.078977127
05-05-2019 21:00,0.7907147,0.807916667,0.017201986
05-05-2019 22:00,0.7568093,0.336,-0.420809294
05-05-2019 23:00,0.3978879,0.206166667,-0.191721219
06-05-2019 00:00,0.30457067,0.20275,-0.101820675
06-05-2019 01:00,0.20845404,0.207333333,-0.001120709
06-05-2019 02:00,0.19165212,0.298666667,0.107014548
06-05-2019 03:00,0.24662776,0.455083333,0.20845557
06-05-2019 04:00,0.34015322,0.20375,-0.136403217
06-05-2019 05:00,0.16551453,0.247166667,0.081652138
06-05-2019 06:00,0.2517866,0.342666667,0.090880077
06-05-2019 07:00,0.32891688,0.212416667,-0.116500211
06-05-2019 08:00,0.2787219,0.221,-0.057721899
06-05-2019 09:00,0.35034305,0.21275,-0.137593049
06-05-2019 10:00,0.3028346,0.21125,-0.0915846
06-05-2019 11:00,0.24862382,0.225416667,-0.023207151
06-05-2019 12:00,0.21476093,0.386,0.171239071
06-05-2019 13:00,0.3296455,0.670416667,0.340771152
06-05-2019 14:00,0.62017024,0.7225,0.102329764
06-05-2019 15:00,0.71440506,0.217833333,-0.496571726
06-05-2019 16:00,0.36737826,0.216416667,-0.150961598
06-05-2019 17:00,0.4556279,0.732416667,0.276788778
06-05-2019 18:00,0.7545214,0.298416667,-0.456104763
06-05-2019 19:00,0.55730116,0.338,-0.219301164
06-05-2019 20:00,0.5117387,0.287583333,-0.224155384
06-05-2019 21:00,0.45536852,0.478833333,0.023464815
06-05-2019 22:00,0.5018486,0.350333333,-0.151515245
06-05-2019 23:00,0.30590326,0.22025,-0.085653256
07-05-2019 00:00,0.17290735,0.211166667,0.038259314
07-05-2019 01:00,0.1629116,0.207833333,0.044921739
07-05-2019 02:00,0.1460965,0.195416667,0.049320169
07-05-2019 03:00,0.16327769,0.21225,0.048972314
07-05-2019 04:00,0.21333036,0.206666667,-0.006663692
07-05-2019 05:00,0.23526913,0.243333333,0.008064204
07-05-2019 06:00,0.28942773,0.32625,0.036822273
07-05-2019 07:00,0.38882667,0.205583333,-0.183243335
07-05-2019 08:00,0.3688124,0.545333333,0.176520921
07-05-2019 09:00,0.58752096,0.737,0.149479043
07-05-2019 10:00,0.7137899,0.302666667,-0.411123214
07-05-2019 11:00,0.47440627,0.213416667,-0.260989606
07-05-2019 12:00,0.26368842,0.300083333,0.036394918
07-05-2019 13:00,0.3479596,0.732916667,0.384957059
07-05-2019 14:00,0.6003157,0.208166667,-0.392149023
07-05-2019 15:00,0.3611772,0.20075,-0.160427206
07-05-2019 16:00,0.40273634,0.201833333,-0.200903003
07-05-2019 17:00,0.45480204,1.279666667,0.82486463
07-05-2019 18:00,0.7528007,0.280833333,-0.47196737
07-05-2019 19:00,0.52435553,0.210416667,-0.313938864
07-05-2019 20:00,0.33235088,0.209083333,-0.123267547
07-05-2019 21:00,0.34465474,0.225916667,-0.118738072
07-05-2019 22:00,0.30656576,0.205,-0.101565762
07-05-2019 23:00,0.2519703,0.19675,-0.055220291
08-05-2019 00:00,0.20367122,0.206666667,0.00299545
08-05-2019 01:00,0.18924046,0.2005,0.011259544
08-05-2019 02:00,0.17348507,0.188166667,0.014681596
08-05-2019 03:00,0.17840818,0.201666667,0.023258491
08-05-2019 04:00,0.20611456,0.19525,-0.01086456
08-05-2019 05:00,0.21487838,0.24225,0.02737162
08-05-2019 06:00,0.26070872,0.348416667,0.087707947
08-05-2019 07:00,0.3611857,0.210666667,-0.150519033
08-05-2019 08:00,0.30030996,0.2125,-0.087809956
08-05-2019 09:00,0.34921592,0.3825,0.033284075
08-05-2019 10:00,0.50689477,0.750833333,0.243938566
08-05-2019 11:00,0.64919806,1.4635,0.814301945
08-05-2019 12:00,0.85336643,0.817833333,-0.035533101
08-05-2019 13:00,0.9199107,1.80275,0.882839271
08-05-2019 14:00,1.6243136,1.113916667,-0.510396926
08-05-2019 15:00,0.97650576,1.909083333,0.932577577
08-05-2019 16:00,0.9617173,0.245333333,-0.716383974
08-05-2019 17:00,0.5593325,0.209916667,-0.349415823
08-05-2019 18:00,0.31546816,0.207666667,-0.107801496
08-05-2019 19:00,0.3570263,0.344583333,-0.012442975
08-05-2019 20:00,0.47624236,0.436083333,-0.04015903
08-05-2019 21:00,0.4867661,0.839666667,0.352900567
08-05-2019 22:00,0.61401397,0.643,0.02898603
08-05-2019 23:00,0.5098847,0.207833333,-0.302051382
09-05-2019 00:00,0.20428762,0.20425,-3.76E-05
09-05-2019 01:00,0.25094754,0.2065,-0.044447535
09-05-2019 02:00,0.21247354,0.1895,-0.022973541
09-05-2019 03:00,0.19257751,0.195583333,0.003005822
09-05-2019 04:00,0.20753366,0.6165,0.408966342
09-05-2019 05:00,0.44874218,0.245166667,-0.203575514
09-05-2019 06:00,0.22274938,0.389333333,0.166583951
09-05-2019 07:00,0.36710268,0.2005,-0.166602683
09-05-2019 08:00,0.2917029,0.220916667,-0.07078623
09-05-2019 09:00,0.3288632,0.643333333,0.31447013
09-05-2019 10:00,0.58024406,0.563833333,-0.016410731
09-05-2019 11:00,0.631999,0.375333333,-0.256665682
09-05-2019 12:00,0.4339699,0.747833333,0.313863448
09-05-2019 13:00,0.6178674,0.307583333,-0.310284077
09-05-2019 14:00,0.3904916,0.20125,-0.189241605
09-05-2019 15:00,0.21814623,0.203583333,-0.014562901
09-05-2019 16:00,0.32812378,0.596416667,0.268292889
09-05-2019 17:00,0.5799234,0.780333333,0.200409942
09-05-2019 18:00,0.6230917,0.274333333,-0.348758364
09-05-2019 19:00,0.3998365,0.494583333,0.094746823
09-05-2019 20:00,0.5054262,0.400666667,-0.104759561
09-05-2019 21:00,0.39359668,0.329333333,-0.064263346
09-05-2019 22:00,0.32189047,0.237333333,-0.08455714
09-05-2019 23:00,0.23712136,0.223333333,-0.013788025
10-05-2019 00:00,0.19780174,0.2085,0.010698261
10-05-2019 01:00,0.1967043,0.196666667,-3.76E-05
10-05-2019 02:00,0.18354139,0.196166667,0.012625279
10-05-2019 03:00,0.17817008,0.207083333,0.028913248
10-05-2019 04:00,0.1903775,0.1975,0.007122496
10-05-2019 05:00,0.19226593,0.23925,0.046984072
10-05-2019 06:00,0.23527476,0.315083333,0.079808571
10-05-2019 07:00,0.31629464,0.2905,-0.02579464
10-05-2019 08:00,0.367796,0.529333333,0.16153733
10-05-2019 09:00,0.59957963,0.901416667,0.301837034
10-05-2019 10:00,0.7592256,0.440916667,-0.31830894
10-05-2019 11:00,0.667067,0.602,-0.065066991
10-05-2019 12:00,0.7066632,1.720666667,1.014003475
10-05-2019 13:00,0.87585676,2.183833333,1.307976576
10-05-2019 14:00,1.0339667,0.726083333,-0.307883327
10-05-2019 15:00,0.9982411,0.723833333,-0.274407793
10-05-2019 16:00,0.8813453,0.2965,-0.584845272
10-05-2019 17:00,0.6281613,0.311583333,-0.316577978
10-05-2019 18:00,0.6636512,0.2505,-0.413151228
10-05-2019 19:00,0.5968413,0.191916667,-0.404924609
10-05-2019 20:00,0.49561438,0.5265,0.03088562
10-05-2019 21:00,0.5927781,0.51025,-0.082528087
10-05-2019 22:00,0.43544585,0.317166667,-0.118279178
10-05-2019 23:00,0.26593718,0.223166667,-0.042770513
11-05-2019 00:00,0.16052243,0.211833333,0.051310902
11-05-2019 01:00,0.18190217,0.201,0.01909783
11-05-2019 02:00,0.17263204,0.199416667,0.026784628
11-05-2019 03:00,0.17367631,0.2145,0.040823688
11-05-2019 04:00,0.19294918,0.345166667,0.152217491
11-05-2019 05:00,0.27304423,0.319083333,0.046039105
11-05-2019 06:00,0.25926378,0.273,0.013736216
11-05-2019 07:00,0.28159997,0.56125,0.279650031
11-05-2019 08:00,0.5781401,0.261333333,-0.316806747
11-05-2019 09:00,0.4620398,0.276,-0.186039798
11-05-2019 10:00,0.51479006,0.322083333,-0.192706725
11-05-2019 11:00,0.55256116,1.374333333,0.821772169
11-05-2019 12:00,0.8959665,0.62975,-0.26621647
11-05-2019 13:00,0.8702756,0.724833333,-0.145442283
11-05-2019 14:00,0.8285673,1.6805,0.851932674
11-05-2019 15:00,0.96626574,0.877166667,-0.089099071
11-05-2019 16:00,0.9557548,1.33925,0.383495183
11-05-2019 17:00,0.9854254,0.290666667,-0.694758746
11-05-2019 18:00,0.60614675,0.299333333,-0.30681342
11-05-2019 19:00,0.6076359,0.754083333,0.146447418
11-05-2019 20:00,0.8350206,1.4415,0.606479398
11-05-2019 21:00,0.7567744,0.2845,-0.472274426
11-05-2019 22:00,0.3500952,0.721,0.370904788
11-05-2019 23:00,0.54920787,0.705416667,0.1562088
12-05-2019 00:00,0.43647134,0.228583333,-0.20788801
12-05-2019 01:00,0.18011558,0.226166667,0.046051086
12-05-2019 02:00,0.19718465,0.216416667,0.019232015
12-05-2019 03:00,0.17313182,0.211,0.037868176
12-05-2019 04:00,0.16501108,0.2,0.034988922
12-05-2019 05:00,0.16255817,0.250833333,0.088275165
12-05-2019 06:00,0.21543047,0.26975,0.054319532
12-05-2019 07:00,0.27553686,0.392583333,0.117046468
12-05-2019 08:00,0.46977678,0.497833333,0.028056554
12-05-2019 09:00,0.6622075,0.77125,0.109042516
12-05-2019 10:00,0.86722964,0.846166667,-0.021062974
12-05-2019 11:00,0.89835817,1.055166667,0.1568085
12-05-2019 12:00,0.94799995,2.68175,1.733750046
12-05-2019 13:00,1.7407253,0.940916667,-0.799808612
12-05-2019 14:00,1.254367,1.918333333,0.663966339
12-05-2019 15:00,1.3623703,1.450416667,0.088046414
12-05-2019 16:00,1.0875746,1.075166667,-0.012407935
12-05-2019 17:00,1.0938519,0.42675,-0.667101924
12-05-2019 18:00,0.87907803,0.510583333,-0.368494697
12-05-2019 19:00,0.65851164,0.443833333,-0.214678305
12-05-2019 20:00,0.53286284,0.402166667,-0.130696175
12-05-2019 21:00,0.44909155,0.399,-0.050091554
12-05-2019 22:00,0.40951285,0.253583333,-0.155929514
12-05-2019 23:00,0.28039318,0.22625,-0.054143183
13-05-2019 00:00,0.24647886,0.21625,-0.030228856
13-05-2019 01:00,0.21432394,0.219833333,0.005509395
13-05-2019 02:00,0.22811809,0.216333333,-0.011784758
13-05-2019 03:00,0.21209604,0.614083333,0.401987298
13-05-2019 04:00,0.38023084,0.2445,-0.135730844
13-05-2019 05:00,0.18538499,0.254666667,0.069281678
13-05-2019 06:00,0.22813879,0.504583333,0.276444544
13-05-2019 07:00,0.40748566,0.865583333,0.458097669
13-05-2019 08:00,0.5379755,0.499583333,-0.038392157
13-05-2019 09:00,0.4855267,0.860083333,0.374556623
13-05-2019 10:00,0.5653388,0.763916667,0.198577876
13-05-2019 11:00,0.58576113,0.352416667,-0.233344463
13-05-2019 12:00,0.27565232,0.22075,-0.054902319
13-05-2019 13:00,0.17402107,0.225083333,0.051062268
13-05-2019 14:00,0.22854927,0.290583333,0.062034062
13-05-2019 15:00,0.36530125,0.429916667,0.064615415
13-05-2019 16:00,0.5492432,0.364,-0.185243212
13-05-2019 17:00,0.5269104,0.269,-0.257910424
13-05-2019 18:00,0.48123342,0.226833333,-0.254400085
13-05-2019 19:00,0.45708588,0.3185,-0.138585878
13-05-2019 20:00,0.49183553,0.444666667,-0.047168868
13-05-2019 21:00,0.4901578,0.305583333,-0.18457448
13-05-2019 22:00,0.34359056,0.2155,-0.128090558
13-05-2019 23:00,0.2682855,0.219916667,-0.048368846
14-05-2019 00:00,0.23776494,0.219666667,-0.018098273
14-05-2019 01:00,0.19812888,0.214083333,0.015954454
14-05-2019 02:00,0.1739349,0.201416667,0.02748176
14-05-2019 03:00,0.18202189,0.20925,0.027228114
14-05-2019 04:00,0.21950471,0.21825,-0.001254714
14-05-2019 05:00,0.25301844,0.328666667,0.075648228
14-05-2019 06:00,0.3586616,0.26475,-0.093911592
14-05-2019 07:00,0.38718313,0.21025,-0.17693313
14-05-2019 08:00,0.40328184,0.618333333,0.215051496
14-05-2019 09:00,0.61066145,0.758,0.147338553
14-05-2019 10:00,0.7205779,0.517666667,-0.202911229
14-05-2019 11:00,0.62115973,0.214916667,-0.406243066
14-05-2019 12:00,0.25865385,0.230916667,-0.027737183
14-05-2019 13:00,0.2858081,0.22725,-0.058558086
14-05-2019 14:00,0.31806186,0.22225,-0.095811858
14-05-2019 15:00,0.35160363,0.2805,-0.071103627
14-05-2019 16:00,0.44667354,0.787666667,0.340993124
14-05-2019 17:00,0.6400287,0.261,-0.379028715
14-05-2019 18:00,0.43843645,0.211083333,-0.227353115
14-05-2019 19:00,0.37044877,0.21375,-0.156698768
14-05-2019 20:00,0.36730272,0.216916667,-0.150386049
14-05-2019 21:00,0.34383085,0.21825,-0.125580854
14-05-2019 22:00,0.32033628,0.216166667,-0.104169616
14-05-2019 23:00,0.28881153,0.205833333,-0.082978201
15-05-2019 00:00,0.24361533,0.211166667,-0.032448663
15-05-2019 01:00,0.20282274,0.204583333,0.001760588
15-05-2019 02:00,0.1724971,0.199333333,0.02683624
15-05-2019 03:00,0.17753005,0.219583333,0.042053283
15-05-2019 04:00,0.21250513,0.211916667,-0.000588465
15-05-2019 05:00,0.21636629,0.224416667,0.008050376
15-05-2019 06:00,0.24230415,0.342833333,0.100529187
15-05-2019 07:00,0.36596957,0.2545,-0.111469568
15-05-2019 08:00,0.31518838,0.631083333,0.315894955
15-05-2019 09:00,0.50412565,0.6735,0.169374345
15-05-2019 10:00,0.5797688,0.268583333,-0.311185444
15-05-2019 11:00,0.30060616,0.538833333,0.238227172
15-05-2019 12:00,0.4474847,0.6065,0.159015298
15-05-2019 13:00,0.5090067,0.50075,-0.008256679
15-05-2019 14:00,0.44641557,1.46075,1.014334427
15-05-2019 15:00,0.72705734,1.506333333,0.779275996
15-05-2019 16:00,0.8528557,1.9,1.047144318
15-05-2019 17:00,1.4748583,1.251166667,-0.223691617
15-05-2019 18:00,0.80283475,0.407083333,-0.395751416
15-05-2019 19:00,0.55360264,0.2825,-0.271102636
15-05-2019 20:00,0.3350378,0.238083333,-0.096954464
15-05-2019 21:00,0.32594627,0.226333333,-0.099612938
15-05-2019 22:00,0.32544366,0.215083333,-0.110360322
15-05-2019 23:00,0.29447278,0.220083333,-0.07438945
16-05-2019 00:00,0.24990778,0.216583333,-0.033324443
16-05-2019 01:00,0.2352753,0.199416667,-0.035858632
16-05-2019 02:00,0.19862631,0.18975,-0.00887631
16-05-2019 03:00,0.1928181,0.21725,0.024431895
16-05-2019 04:00,0.21821615,0.21825,3.38E-05
16-05-2019 05:00,0.22359976,0.239333333,0.015733572
16-05-2019 06:00,0.24736637,0.334333333,0.086966965
16-05-2019 07:00,0.3420905,0.309083333,-0.033007154
16-05-2019 08:00,0.36539045,0.233333333,-0.132057116
16-05-2019 09:00,0.31113437,0.219166667,-0.091967702
16-05-2019 10:00,0.28679803,0.23075,-0.05604803
16-05-2019 11:00,0.28120103,0.2305,-0.050701035
16-05-2019 12:00,0.2679395,0.219583333,-0.048356175
16-05-2019 13:00,0.23725028,0.222,-0.015250283
16-05-2019 14:00,0.23646876,0.223083333,-0.013385429
16-05-2019 15:00,0.2507202,0.22825,-0.022470203
16-05-2019 16:00,0.2946639,0.218,-0.076663906
16-05-2019 17:00,0.345126,0.403333333,0.05820733
16-05-2019 18:00,0.47521964,0.539833333,0.064613696
16-05-2019 19:00,0.5006723,0.25825,-0.242422281
16-05-2019 20:00,0.34384993,0.442416667,0.098566739
16-05-2019 21:00,0.42814514,0.491833333,0.063688193
16-05-2019 22:00,0.41120547,0.207166667,-0.204038804
16-05-2019 23:00,0.23278476,0.199583333,-0.03320143
17-05-2019 00:00,0.18944508,0.208833333,0.019388255
17-05-2019 01:00,0.19730449,0.194833333,-0.002471154
17-05-2019 02:00,0.1728602,0.199916667,0.027056461
17-05-2019 03:00,0.17509201,0.210416667,0.035324655
17-05-2019 04:00,0.18855599,0.206166667,0.017610681
17-05-2019 05:00,0.20091447,0.220083333,0.019168861
17-05-2019 06:00,0.22931062,0.336416667,0.10710605
17-05-2019 07:00,0.3751258,0.215,-0.160125796
17-05-2019 08:00,0.37470898,0.65525,0.28054102
17-05-2019 09:00,0.6190964,0.725,0.105903602
17-05-2019 10:00,0.701232,0.22475,-0.476482016
17-05-2019 11:00,0.42487448,0.223416667,-0.201457818
17-05-2019 12:00,0.34373695,0.216083333,-0.127653613
17-05-2019 13:00,0.32970205,0.583416667,0.253714617
17-05-2019 14:00,0.54917777,0.469583333,-0.079594433
17-05-2019 15:00,0.5189153,0.219166667,-0.299748629
17-05-2019 16:00,0.32777965,0.221416667,-0.106362984
17-05-2019 17:00,0.34652406,0.256166667,-0.090357393
17-05-2019 18:00,0.35908183,0.894833333,0.535751499
17-05-2019 19:00,0.54326516,0.342416667,-0.200848497
17-05-2019 20:00,0.38466603,0.311083333,-0.073582692
17-05-2019 21:00,0.32502276,0.1995,-0.125522757
17-05-2019 22:00,0.21731389,0.21875,0.001436114
17-05-2019 23:00,0.19325086,0.211,0.017749135
18-05-2019 00:00,0.1501345,0.210416667,0.060282163
18-05-2019 01:00,0.18027207,0.205166667,0.024894594
18-05-2019 02:00,0.17761171,0.191583333,0.013971625
18-05-2019 03:00,0.16997588,0.194666667,0.02469079
18-05-2019 04:00,0.18115276,0.1945,0.013347239
18-05-2019 05:00,0.18979049,0.21725,0.027459513
18-05-2019 06:00,0.22752726,0.21225,-0.015277261
18-05-2019 07:00,0.29708424,0.2265,-0.070584242
18-05-2019 08:00,0.4369109,0.641916667,0.205005769
18-05-2019 09:00,0.7324719,1.119166667,0.386694783
18-05-2019 10:00,0.8929178,0.67775,-0.215167812
18-05-2019 11:00,0.8741092,0.942333333,0.068224125
18-05-2019 12:00,0.8699066,1.4925,0.622593396
18-05-2019 13:00,0.9542877,0.807583333,-0.146704374
18-05-2019 14:00,0.915705,0.267,-0.648705025
18-05-2019 15:00,0.55175334,1.550083333,0.998329991
18-05-2019 16:00,1.6222206,2.268,0.645779365
18-05-2019 17:00,0.9275828,0.870583333,-0.056999467
18-05-2019 18:00,0.9767565,0.214166667,-0.762589846
18-05-2019 19:00,0.5536092,0.297416667,-0.256192526
18-05-2019 20:00,0.49145654,0.308083333,-0.183373205
18-05-2019 21:00,0.43826878,0.294083333,-0.144185447
18-05-2019 22:00,0.3726855,0.137666667,-0.235018825
18-05-2019 23:00,0.21622324,0.137,-0.07922324
19-05-2019 00:00,0.19782194,0.13325,-0.064571945
19-05-2019 01:00,0.17388436,0.125083333,-0.048801029
19-05-2019 02:00,0.1534636,0.20625,0.052786398
19-05-2019 03:00,0.20226157,0.47225,0.269988433
19-05-2019 04:00,0.3570521,0.132666667,-0.224385421
19-05-2019 05:00,0.09897271,0.124916667,0.025943959
19-05-2019 06:00,0.13882637,0.122416667,-0.016409704
19-05-2019 07:00,0.2157571,0.337,0.121242898
19-05-2019 08:00,0.53584045,0.64025,0.104409548
19-05-2019 09:00,0.80473125,0.690083333,-0.114647916
19-05-2019 10:00,0.85593617,0.672083333,-0.183852836
19-05-2019 11:00,0.81827456,0.30475,-0.513524558
19-05-2019 12:00,0.50110036,0.418666667,-0.082433695
19-05-2019 13:00,0.65427864,0.305916667,-0.348361969
19-05-2019 14:00,0.5531887,0.737666667,0.184477985
19-05-2019 15:00,0.90828484,0.95275,0.044465157
19-05-2019 16:00,0.9229102,0.999083333,0.07617312
19-05-2019 17:00,0.84935117,1.667,0.817648832
19-05-2019 18:00,0.8521112,0.574166667,-0.277944554
19-05-2019 19:00,0.6180965,0.478083333,-0.140013137
19-05-2019 20:00,0.60358655,0.47225,-0.131336555
19-05-2019 21:00,0.5770826,0.393166667,-0.183915908
19-05-2019 22:00,0.44618696,0.345166667,-0.101020293
19-05-2019 23:00,0.34846425,0.257166667,-0.091297584
20-05-2019 00:00,0.22750027,0.133,-0.094500275
20-05-2019 01:00,0.086987525,0.134166667,0.047179141
20-05-2019 02:00,0.14761266,0.132333333,-0.015279328
20-05-2019 03:00,0.15429819,0.131666667,-0.02263152
20-05-2019 04:00,0.17688468,0.12425,-0.052634681
20-05-2019 05:00,0.19560519,0.159666667,-0.035938522
20-05-2019 06:00,0.2620672,0.410416667,0.148349468
20-05-2019 07:00,0.46635276,0.14225,-0.324102761
20-05-2019 08:00,0.27767268,0.138833333,-0.138839345
20-05-2019 09:00,0.33161265,0.129666667,-0.20194598
20-05-2019 10:00,0.34567046,0.12025,-0.225420462
20-05-2019 11:00,0.31339595,0.13675,-0.176645947
20-05-2019 12:00,0.29725,0.32925,0.031999997
20-05-2019 13:00,0.47110912,0.4785,0.007390878
20-05-2019 14:00,0.56962067,0.225166667,-0.344454002
20-05-2019 15:00,0.2887925,0.142083333,-0.146709158
20-05-2019 16:00,0.2094248,0.259916667,0.050491873
20-05-2019 17:00,0.38154903,0.715666667,0.334117636
20-05-2019 18:00,0.65409094,0.224833333,-0.429257608
20-05-2019 19:00,0.3425347,0.200416667,-0.142118024
20-05-2019 20:00,0.28458366,0.2985,0.013916342
20-05-2019 21:00,0.46968085,0.583083333,0.113402488
20-05-2019 22:00,0.63386637,0.50675,-0.12711637
20-05-2019 23:00,0.54347897,0.12675,-0.416728966
21-05-2019 00:00,0.19355601,0.3275,0.133943989
21-05-2019 01:00,0.4863719,0.423333333,-0.063038571
21-05-2019 02:00,0.47349682,0.1285,-0.344996825
21-05-2019 03:00,0.1306293,0.132666667,0.002037366
21-05-2019 04:00,0.2546675,0.241833333,-0.012834157
21-05-2019 05:00,0.3792151,0.290416667,-0.088798425
21-05-2019 06:00,0.4258216,0.288416667,-0.137404936
21-05-2019 07:00,0.48639324,0.984666667,0.498273424
21-05-2019 08:00,0.8598154,0.1935,-0.666315419
21-05-2019 09:00,0.73919743,0.54425,-0.194947433
21-05-2019 10:00,0.8885442,0.49475,-0.393794202
21-05-2019 11:00,0.901857,0.785166667,-0.116690352
21-05-2019 12:00,0.8671127,0.4225,-0.444612696
21-05-2019 13:00,0.58548135,0.145333333,-0.440148012
21-05-2019 14:00,0.28012028,0.139583333,-0.14053695
21-05-2019 15:00,0.40778035,0.13775,-0.270030349
21-05-2019 16:00,0.3945457,0.129916667,-0.264629037
21-05-2019 17:00,0.34405658,1.164,0.819943424
21-05-2019 18:00,0.72247237,0.196583333,-0.525889036
21-05-2019 19:00,0.379939,0.3055,-0.07443899
21-05-2019 20:00,0.39974362,0.2945,-0.105243617
21-05-2019 21:00,0.37702894,0.691416667,0.314387725
21-05-2019 22:00,0.604982,0.4335,-0.171482018
21-05-2019 23:00,0.41184017,0.116,-0.295840171
22-05-2019 00:00,0.14462307,0.135166667,-0.009456404
22-05-2019 01:00,0.24347866,0.4565,0.213021344
22-05-2019 02:00,0.5207207,0.273916667,-0.246804054
22-05-2019 03:00,0.25304732,0.121166667,-0.131880651
22-05-2019 04:00,0.17118102,0.133,-0.038181023
22-05-2019 05:00,0.2548471,0.242083333,-0.012763776
22-05-2019 06:00,0.38079888,0.18575,-0.195048876
22-05-2019 07:00,0.36498332,0.301333333,-0.063649987
22-05-2019 08:00,0.5656426,0.333666667,-0.231975929
22-05-2019 09:00,0.6810499,0.67025,-0.010799883
22-05-2019 10:00,0.86439866,0.64875,-0.215648658
22-05-2019 11:00,0.88556087,0.483333333,-0.402227537
22-05-2019 12:00,0.64601016,0.14575,-0.50026016
22-05-2019 13:00,0.27122873,0.384416667,0.113187936
22-05-2019 14:00,0.5094559,0.537,0.027544081
22-05-2019 15:00,0.58747065,1.03325,0.445779349
22-05-2019 16:00,0.66113836,2.493916667,1.832778311
22-05-2019 17:00,1.3081187,1.38175,0.073631299
22-05-2019 18:00,0.76191276,0.311666667,-0.450246096
22-05-2019 19:00,0.46158528,0.306166667,-0.155418617
22-05-2019 20:00,0.39204296,0.318833333,-0.073209631
22-05-2019 21:00,0.36405337,0.30475,-0.059303369
22-05-2019 22:00,0.32585466,0.241083333,-0.084771326
22-05-2019 23:00,0.25578114,0.116166667,-0.139614477
23-05-2019 00:00,0.1361297,0.12525,-0.010879707
23-05-2019 01:00,0.1598131,0.13575,-0.024063106
23-05-2019 02:00,0.14870822,0.127416667,-0.021291558
23-05-2019 03:00,0.14695278,0.115666667,-0.031286111
23-05-2019 04:00,0.15029866,0.110416667,-0.039881988
23-05-2019 05:00,0.15939105,0.277833333,0.118442288
23-05-2019 06:00,0.27426794,0.222333333,-0.051934608
23-05-2019 07:00,0.3050373,0.127416667,-0.177620623
23-05-2019 08:00,0.31737852,0.634666667,0.317288146
23-05-2019 09:00,0.6046567,0.644416667,0.03975997
23-05-2019 10:00,0.6867099,0.67475,-0.011959881
23-05-2019 11:00,0.6835085,0.337083333,-0.346425182
23-05-2019 12:00,0.42674768,0.146583333,-0.280164346
23-05-2019 13:00,0.25085658,0.381333333,0.130476755
23-05-2019 14:00,0.47274294,0.666666667,0.193923722
23-05-2019 15:00,0.5740074,0.148833333,-0.425174059
23-05-2019 16:00,0.28481036,0.22025,-0.064560364
23-05-2019 17:00,0.37306815,0.731583333,0.358515179
23-05-2019 18:00,0.5154191,0.220583333,-0.294835792
23-05-2019 19:00,0.326531,0.172166667,-0.154364326
23-05-2019 20:00,0.2685309,0.16275,-0.105780905
23-05-2019 21:00,0.23838006,0.152166667,-0.086213393
23-05-2019 22:00,0.20344332,0.119333333,-0.084109985
23-05-2019 23:00,0.15379182,0.132666667,-0.021125148
24-05-2019 00:00,0.13186488,0.133333333,0.001468458
24-05-2019 01:00,0.1409362,0.13125,-0.009686196
24-05-2019 02:00,0.13865244,0.105,-0.033652444
24-05-2019 03:00,0.12185305,0.106916667,-0.014936387
24-05-2019 04:00,0.13453871,0.1285,-0.00603871
24-05-2019 05:00,0.16292652,0.27475,0.111823475
24-05-2019 06:00,0.27389532,0.172916667,-0.100978657
24-05-2019 07:00,0.3094467,0.16875,-0.140696692
24-05-2019 08:00,0.4223123,0.547333333,0.125021044
24-05-2019 09:00,0.67233235,0.819416667,0.14708432
24-05-2019 10:00,0.7761238,0.692916667,-0.083207155
24-05-2019 11:00,0.76881516,0.715416667,-0.053398493
24-05-2019 12:00,0.71314555,0.162333333,-0.550812221
24-05-2019 13:00,0.28852063,0.649166667,0.360646032
24-05-2019 14:00,0.6315316,0.558666667,-0.07286493
24-05-2019 15:00,0.5877951,0.449583333,-0.138211745
24-05-2019 16:00,0.5043073,0.780583333,0.276276004
24-05-2019 17:00,0.58683056,1.110916667,0.52408611
24-05-2019 18:00,0.57823104,0.457833333,-0.120397703
24-05-2019 19:00,0.43893635,0.42175,-0.017186353
24-05-2019 20:00,0.39081815,0.296916667,-0.093901482
24-05-2019 21:00,0.30152038,0.289166667,-0.012353711
24-05-2019 22:00,0.27931315,0.18775,-0.091563147
24-05-2019 23:00,0.19848585,0.13175,-0.066735851
25-05-2019 00:00,0.13278422,0.12875,-0.004034218
25-05-2019 01:00,0.15504405,0.13375,-0.021294049
25-05-2019 02:00,0.14521715,0.126833333,-0.018383817
25-05-2019 03:00,0.13016623,0.132333333,0.002167101
25-05-2019 04:00,0.1396772,0.1255,-0.014177197
25-05-2019 05:00,0.13469887,0.124,-0.010698868
25-05-2019 06:00,0.15636212,0.133833333,-0.022528783
25-05-2019 07:00,0.2516498,0.289416667,0.03776687
25-05-2019 08:00,0.5225553,0.179666667,-0.342888625
25-05-2019 09:00,0.515573,0.130666667,-0.384906358
25-05-2019 10:00,0.46644416,0.132666667,-0.333777498
25-05-2019 11:00,0.39068198,0.139,-0.251681982
25-05-2019 12:00,0.30860648,0.672,0.363393524
25-05-2019 13:00,0.684772,0.739083333,0.054311319
25-05-2019 14:00,0.7384498,0.809833333,0.071383521
25-05-2019 15:00,0.74686754,0.44425,-0.302617537
25-05-2019 16:00,0.50284076,0.467833333,-0.035007424
25-05-2019 17:00,0.58861035,1.314666667,0.726056316
25-05-2019 18:00,0.8486795,0.465916667,-0.382762816
25-05-2019 19:00,0.6305702,0.3045,-0.326070173
25-05-2019 20:00,0.47987527,0.292833333,-0.187041933
25-05-2019 21:00,0.4679691,0.702833333,0.234864244
25-05-2019 22:00,0.68327045,1.089083333,0.405812879
25-05-2019 23:00,0.75075907,0.2095,-0.541259065
26-05-2019 00:00,0.25518996,0.492333333,0.237143378
26-05-2019 01:00,0.55364513,0.13525,-0.418395134
26-05-2019 02:00,0.13260853,0.123583333,-0.0090252
26-05-2019 03:00,0.15133002,0.13,-0.021330024
26-05-2019 04:00,0.16276026,0.125666667,-0.037093591
26-05-2019 05:00,0.16101032,0.1285,-0.032510325
26-05-2019 06:00,0.18911153,0.126833333,-0.062278197
26-05-2019 07:00,0.25692242,0.34125,0.084327576
26-05-2019 08:00,0.5952036,0.646833333,0.051629755
26-05-2019 09:00,0.8427749,0.646583333,-0.196191594
26-05-2019 10:00,0.8575144,0.885166667,0.027652285
26-05-2019 11:00,0.91681516,0.903333333,-0.013481828
26-05-2019 12:00,0.9568405,0.876166667,-0.080673848
26-05-2019 13:00,0.937257,0.500166667,-0.437090325
26-05-2019 14:00,0.7451174,0.806333333,0.061215907
26-05-2019 15:00,1.0228845,0.9865,-0.036384488
26-05-2019 16:00,0.98814267,1.630083333,0.641940664
26-05-2019 17:00,0.93961775,0.501083333,-0.43853442
26-05-2019 18:00,0.615253,0.257166667,-0.358086305
26-05-2019 19:00,0.46524444,0.205,-0.260244442
26-05-2019 20:00,0.40891635,0.319916667,-0.088999688
26-05-2019 21:00,0.40336454,0.29425,-0.109114539
26-05-2019 22:00,0.29726866,0.144083333,-0.153185326
26-05-2019 23:00,0.15431306,0.139166667,-0.015146391
27-05-2019 00:00,0.11504996,0.134166667,0.019116708
27-05-2019 01:00,0.10009715,0.134416667,0.034319517
27-05-2019 02:00,0.14225504,0.128583333,-0.013671705
27-05-2019 03:00,0.14941528,0.126333333,-0.023081951
27-05-2019 04:00,0.1697351,0.242666667,0.072931563
27-05-2019 05:00,0.28265357,0.412083333,0.129429763
27-05-2019 06:00,0.39516407,0.221916667,-0.173247406
27-05-2019 07:00,0.32526615,0.313333333,-0.011932819
27-05-2019 08:00,0.48797902,0.544166667,0.056187642
27-05-2019 09:00,0.6168987,0.679916667,0.063017951
27-05-2019 10:00,0.68360025,0.685166667,0.00156642
27-05-2019 11:00,0.685814,0.6835,-0.002314023
27-05-2019 12:00,0.64754105,0.6865,0.038958954
27-05-2019 13:00,0.6042477,0.65,0.045752311
27-05-2019 14:00,0.56807846,0.151333333,-0.416745125
27-05-2019 15:00,0.21464905,0.137583333,-0.077065718
27-05-2019 16:00,0.30145714,0.133666667,-0.16779047
27-05-2019 17:00,0.31172764,0.614,0.302272357
27-05-2019 18:00,0.5489868,0.803333333,0.254346541
27-05-2019 19:00,0.56890714,0.57525,0.006342858
27-05-2019 20:00,0.47870612,0.2645,-0.214206121
27-05-2019 21:00,0.27377537,0.159833333,-0.113942036
27-05-2019 22:00,0.20061544,0.14175,-0.058865436
27-05-2019 23:00,0.17201468,0.141333333,-0.03068135
28-05-2019 00:00,0.142499,0.1345,-0.007999
28-05-2019 01:00,0.12537631,0.135916667,0.010540353
28-05-2019 02:00,0.12635264,0.1285,0.002147362
28-05-2019 03:00,0.14305422,0.130583333,-0.012470884
28-05-2019 04:00,0.18770689,0.5055,0.317793112
28-05-2019 05:00,0.4273876,0.22225,-0.205137595
28-05-2019 06:00,0.2814947,0.28125,-0.000244707
28-05-2019 07:00,0.4195839,0.276583333,-0.143000554
28-05-2019 08:00,0.49716845,0.15175,-0.345418452
28-05-2019 09:00,0.43923247,0.127666667,-0.311565802
28-05-2019 10:00,0.42788357,0.14025,-0.287633565
28-05-2019 11:00,0.42572755,0.2365,-0.189227546
28-05-2019 12:00,0.48254663,0.67975,0.197203372
28-05-2019 13:00,0.69353235,0.647916667,-0.045615681
28-05-2019 14:00,0.73394287,0.140583333,-0.593359533
28-05-2019 15:00,0.31101847,0.138333333,-0.172685134
28-05-2019 16:00,0.31922144,0.132583333,-0.186638104
28-05-2019 17:00,0.33763134,0.180166667,-0.157464678
28-05-2019 18:00,0.33269766,0.32175,-0.01094766
28-05-2019 19:00,0.43206826,0.566916667,0.134848408
28-05-2019 20:00,0.55986786,0.289166667,-0.270701192
28-05-2019 21:00,0.32903895,0.742333333,0.413294386
28-05-2019 22:00,0.6354604,0.695666667,0.06020629
28-05-2019 23:00,0.6099464,0.279416667,-0.330529763
29-05-2019 00:00,0.26336908,0.1255,-0.137869083
29-05-2019 01:00,0.15390655,0.120166667,-0.033739887
29-05-2019 02:00,0.19082251,0.11425,-0.076572512
29-05-2019 03:00,0.17269215,0.130416667,-0.042275483
29-05-2019 04:00,0.20890328,0.12,-0.088903283
29-05-2019 05:00,0.2278235,0.282666667,0.054843171
29-05-2019 06:00,0.42131788,0.6695,0.248182125
29-05-2019 07:00,0.63565594,0.350416667,-0.285239273
29-05-2019 08:00,0.58350044,0.490833333,-0.092667112
29-05-2019 09:00,0.70719695,0.3865,-0.320696951
29-05-2019 10:00,0.6498759,0.444833333,-0.205042546
29-05-2019 11:00,0.6407709,0.800416667,0.159645754
29-05-2019 12:00,0.7695797,0.655416667,-0.114163042
29-05-2019 13:00,0.75704163,0.328083333,-0.4289583
29-05-2019 14:00,0.44539908,0.786083333,0.340684258
29-05-2019 15:00,0.73228204,1.556583333,0.824301291
29-05-2019 16:00,0.85644984,1.09125,0.234800158
29-05-2019 17:00,0.85892594,0.914416667,0.055490728
29-05-2019 18:00,0.77712494,0.224416667,-0.552708275
29-05-2019 19:00,0.405589,0.16925,-0.236339014
29-05-2019 20:00,0.40903306,0.163666667,-0.245366393
29-05-2019 21:00,0.38080704,0.601666667,0.220859625
29-05-2019 22:00,0.5851514,0.497,-0.088151374
29-05-2019 23:00,0.4125199,0.1295,-0.283019902
30-05-2019 00:00,0.13171974,0.127083333,-0.004636405
30-05-2019 01:00,0.16854513,0.126166667,-0.04237846
30-05-2019 02:00,0.15961123,0.122166667,-0.037444558
30-05-2019 03:00,0.16576102,0.116666667,-0.049094357
30-05-2019 04:00,0.18135679,0.21775,0.036393212
30-05-2019 05:00,0.28261894,0.179666667,-0.102952273
30-05-2019 06:00,0.2639253,0.140166667,-0.123758647
30-05-2019 07:00,0.30636126,0.147583333,-0.158777925
30-05-2019 08:00,0.45333794,0.88475,0.431412062
30-05-2019 09:00,0.7982099,0.447666667,-0.350543239
30-05-2019 10:00,0.8174115,0.667,-0.150411482
30-05-2019 11:00,0.7958891,0.672333333,-0.123555746
30-05-2019 12:00,0.771865,0.683666667,-0.088198344
30-05-2019 13:00,0.7152604,0.302666667,-0.41259372
30-05-2019 14:00,0.39339668,0.171666667,-0.221730009
30-05-2019 15:00,0.3177715,0.435833333,0.118061839
30-05-2019 16:00,0.5461075,1.05725,0.511142529
30-05-2019 17:00,0.6303965,0.9185,0.288103515
30-05-2019 18:00,0.60931903,0.317666667,-0.291652365
30-05-2019 19:00,0.38130596,0.30575,-0.075555963
30-05-2019 20:00,0.35737887,0.290333333,-0.067045537
30-05-2019 21:00,0.32316962,0.215083333,-0.108086286
30-05-2019 22:00,0.253705,0.14075,-0.112954995
30-05-2019 23:00,0.17508939,0.1365,-0.038589389
31-05-2019 00:00,0.13676468,0.132833333,-0.003931342
31-05-2019 01:00,0.14565113,0.128583333,-0.017067799
31-05-2019 02:00,0.13286197,0.115833333,-0.017028639
31-05-2019 03:00,0.1241878,0.130916667,0.006728869
31-05-2019 04:00,0.14389238,0.129666667,-0.014225711
31-05-2019 05:00,0.15501732,0.138,-0.017017316
31-05-2019 06:00,0.190135,0.23575,0.045614998
31-05-2019 07:00,0.37249675,0.220666667,-0.151830087
31-05-2019 08:00,0.44722477,0.722166667,0.274941901
31-05-2019 09:00,0.6937479,1.152583333,0.458835455
31-05-2019 10:00,0.84325737,1.292166667,0.448909299
31-05-2019 11:00,0.92363226,1.35625,0.432617736
31-05-2019 12:00,0.96017766,1.109333333,0.149155673
31-05-2019 13:00,0.94605404,0.63,-0.316054041
31-05-2019 14:00,0.71325874,0.353416667,-0.359842077
31-05-2019 15:00,0.54483646,0.586,0.041163538
31-05-2019 16:00,0.724558,0.33925,-0.385307996
31-05-2019 17:00,0.50952935,1.242083333,0.732553981
31-05-2019 18:00,0.65936506,0.32325,-0.336115058
31-05-2019 19:00,0.4168361,0.459833333,0.042997221
31-05-2019 20:00,0.44339567,0.316083333,-0.127312341
31-05-2019 21:00,0.3122433,0.320583333,0.008340021
31-05-2019 22:00,0.29261792,0.26925,-0.023367917
31-05-2019 23:00,0.23148574,0.241916667,0.010430927
01-06-2019 00:00,0.18854207,0.246333333,0.057791265
01-06-2019 01:00,0.20084104,0.240583333,0.039742294
01-06-2019 02:00,0.18508944,0.23175,0.046660561
01-06-2019 03:00,0.17357332,0.243,0.069426685
01-06-2019 04:00,0.17876646,0.234916667,0.056150207
01-06-2019 05:00,0.17434111,0.232166667,0.057825554
01-06-2019 06:00,0.20603928,0.224916667,0.018877387
01-06-2019 07:00,0.3289974,0.382666667,0.053669263
01-06-2019 08:00,0.5584482,1.241083333,0.682635138
01-06-2019 09:00,0.83379984,0.9065,0.072700161
01-06-2019 10:00,0.9192839,2.1235,1.204216074
01-06-2019 11:00,1.0010543,0.8425,-0.158554287
01-06-2019 12:00,1.0260606,2.267666667,1.241606085
01-06-2019 13:00,1.0699475,0.905083333,-0.164864148
01-06-2019 14:00,1.0624006,1.068166667,0.005766087
01-06-2019 15:00,1.0571322,0.999083333,-0.058048911
01-06-2019 16:00,0.95760274,0.785666667,-0.171936073
01-06-2019 17:00,0.79187304,0.710916667,-0.080956371
01-06-2019 18:00,0.67959684,0.412666667,-0.266930175
01-06-2019 19:00,0.4742824,0.150333333,-0.32394908
01-06-2019 20:00,0.2938635,0.154916667,-0.138946838
01-06-2019 21:00,0.2681066,0.304666667,0.036560057
01-06-2019 22:00,0.29335567,0.25175,-0.041605674
01-06-2019 23:00,0.21725482,0.153666667,-0.063588151
02-06-2019 00:00,0.12480566,0.146833333,0.022027674
02-06-2019 01:00,0.15673655,0.144166667,-0.012569886
02-06-2019 02:00,0.14742693,0.125333333,-0.0220936
02-06-2019 03:00,0.117835134,0.139083333,0.021248199
02-06-2019 04:00,0.11555326,0.147583333,0.032030073
02-06-2019 05:00,0.10955146,0.145166667,0.035615207
02-06-2019 06:00,0.15463197,0.146416667,-0.008215306
02-06-2019 07:00,0.33705157,0.259416667,-0.077634904
02-06-2019 08:00,0.5611555,1.495916667,0.934761169
02-06-2019 09:00,0.9922841,1.3665,0.374215881
02-06-2019 10:00,1.1597508,0.738916667,-0.420834153
02-06-2019 11:00,1.0134083,1.236916667,0.223508363
02-06-2019 12:00,1.1028553,1.03,-0.072855325
02-06-2019 13:00,1.0696061,1.396,0.326393934
02-06-2019 14:00,1.0625355,0.4215,-0.641035524
02-06-2019 15:00,0.7430239,1.03775,0.294726128
02-06-2019 16:00,0.9875731,1.585583333,0.598010246
02-06-2019 17:00,0.82586265,0.543166667,-0.282695979
02-06-2019 18:00,0.56509006,0.470166667,-0.094923394
02-06-2019 19:00,0.4957869,0.338666667,-0.157120239
02-06-2019 20:00,0.37089443,0.31125,-0.059644432
02-06-2019 21:00,0.32386807,0.63225,0.308381934
02-06-2019 22:00,0.409893,0.518916667,0.109023661
02-06-2019 23:00,0.3461298,0.1355,-0.210629805
03-06-2019 00:00,0.13498738,0.136,0.001012616
03-06-2019 01:00,0.15440351,0.13975,-0.014653508
03-06-2019 02:00,0.1671294,0.125583333,-0.041546064
03-06-2019 03:00,0.15322134,0.132916667,-0.020304672
03-06-2019 04:00,0.16483048,0.130333333,-0.034497143
03-06-2019 05:00,0.17520365,0.32,0.144796349
03-06-2019 06:00,0.33608773,0.21525,-0.120837734
03-06-2019 07:00,0.3503096,0.131833333,-0.218476277
03-06-2019 08:00,0.36248025,0.675,0.312519747
03-06-2019 09:00,0.65628856,0.688333333,0.032044769
03-06-2019 10:00,0.71861446,0.69375,-0.024864459
03-06-2019 11:00,0.69853216,0.704916667,0.006384503
03-06-2019 12:00,0.66363734,0.700416667,0.036779327
03-06-2019 13:00,0.6225551,0.700583333,0.078028256
03-06-2019 14:00,0.60072356,0.527166667,-0.073556898
03-06-2019 15:00,0.46823427,0.14,-0.328234271
03-06-2019 16:00,0.21193355,0.15125,-0.060683553
03-06-2019 17:00,0.33577737,0.25875,-0.077027372
03-06-2019 18:00,0.38994616,0.261083333,-0.128862829
03-06-2019 19:00,0.33837667,0.323166667,-0.015210004
03-06-2019 20:00,0.35953152,0.301416667,-0.058114855
03-06-2019 21:00,0.30933645,0.14625,-0.163086454
03-06-2019 22:00,0.17735642,0.1355,-0.041856422
03-06-2019 23:00,0.16900256,0.133083333,-0.035919229
04-06-2019 00:00,0.14507425,0.47175,0.326675752
04-06-2019 01:00,0.35669497,0.585833333,0.229138367
04-06-2019 02:00,0.40983674,0.126833333,-0.283003406
04-06-2019 03:00,0.06308681,0.131666667,0.068579859
04-06-2019 04:00,0.15799472,0.132416667,-0.025578051
04-06-2019 05:00,0.18076214,0.283833333,0.103071191
04-06-2019 06:00,0.32858106,0.159333333,-0.169247732
04-06-2019 07:00,0.35130242,0.1905,-0.160802415
04-06-2019 08:00,0.45391285,0.780333333,0.326420479
04-06-2019 09:00,0.77751786,0.708333333,-0.069184522
04-06-2019 10:00,0.8701762,0.846,-0.024176196
04-06-2019 11:00,0.830714,1.412333333,0.581619346
04-06-2019 12:00,0.87847716,0.77575,-0.102727156
04-06-2019 13:00,0.8208021,1.048583333,0.227781241
04-06-2019 14:00,0.8045123,0.72625,-0.078262322
04-06-2019 15:00,0.6846094,0.357916667,-0.326692746
04-06-2019 16:00,0.43907577,0.152083333,-0.286992435
04-06-2019 17:00,0.3294391,0.493,0.163560896
04-06-2019 18:00,0.5480682,0.531333333,-0.016734892
04-06-2019 19:00,0.48922715,0.316833333,-0.172393813
04-06-2019 20:00,0.3111034,0.310833333,-0.00027007
04-06-2019 21:00,0.31954977,0.303833333,-0.015716436
04-06-2019 22:00,0.27545694,0.306583333,0.031126398
04-06-2019 23:00,0.2569654,0.26275,0.005784601
05-06-2019 00:00,0.20521736,0.139083333,-0.066134028
05-06-2019 01:00,0.10487297,0.135416667,0.030543695
05-06-2019 02:00,0.116765976,0.12175,0.004984024
05-06-2019 03:00,0.107118875,0.5545,0.447381125
05-06-2019 04:00,0.32369986,0.684666667,0.360966805
05-06-2019 05:00,0.37127706,0.38475,0.013472936
05-06-2019 06:00,0.2532965,0.264416667,0.011120172
05-06-2019 07:00,0.29925826,0.148,-0.151258262
05-06-2019 08:00,0.37788394,0.572083333,0.194199392
05-06-2019 09:00,0.6875912,0.703416667,0.015825472
05-06-2019 10:00,0.7645115,0.711,-0.053511526
05-06-2019 11:00,0.722963,0.712833333,-0.010129642
05-06-2019 12:00,0.67137283,0.707083333,0.035710502
05-06-2019 13:00,0.6339767,0.6825,0.048523302
05-06-2019 14:00,0.61583656,0.317916667,-0.297919894
05-06-2019 15:00,0.38231066,0.308166667,-0.074143992
05-06-2019 16:00,0.4573843,0.314416667,-0.142967622
05-06-2019 17:00,0.43298653,0.816333333,0.383346806
05-06-2019 18:00,0.5421421,0.822916667,0.280774573
05-06-2019 19:00,0.5310508,0.168916667,-0.362134135
05-06-2019 20:00,0.22901157,0.22025,-0.008761565
05-06-2019 21:00,0.28055182,0.3025,0.021948179
05-06-2019 22:00,0.28344467,0.14825,-0.135194673
05-06-2019 23:00,0.15727827,0.130416667,-0.026861603
06-06-2019 00:00,0.14142796,0.136583333,-0.004844631
06-06-2019 01:00,0.12663648,0.138583333,0.011946858
06-06-2019 02:00,0.11248961,0.130333333,0.017843722
06-06-2019 03:00,0.10532272,0.133916667,0.028593948
06-06-2019 04:00,0.11667395,0.13325,0.016576054
06-06-2019 05:00,0.124947876,0.16175,0.036802124
06-06-2019 06:00,0.15882885,0.2365,0.077671145
06-06-2019 07:00,0.26179168,0.133916667,-0.12787501
06-06-2019 08:00,0.27017194,0.132083333,-0.138088607
06-06-2019 09:00,0.36508927,0.13075,-0.234339267
06-06-2019 10:00,0.36516276,0.13025,-0.23491276
06-06-2019 11:00,0.30800498,0.129083333,-0.178921642
06-06-2019 12:00,0.24115977,0.3015,0.060340233
06-06-2019 13:00,0.37147593,0.218,-0.153475935
06-06-2019 14:00,0.2498927,0.13625,-0.113642697
06-06-2019 15:00,0.1789732,0.36825,0.189276802
06-06-2019 16:00,0.42268726,0.54875,0.126062738
06-06-2019 17:00,0.513915,0.510333333,-0.003581669
06-06-2019 18:00,0.47825944,0.126833333,-0.351426111
06-06-2019 19:00,0.20827025,0.127666667,-0.080603585
06-06-2019 20:00,0.21274364,0.12675,-0.08599364
06-06-2019 21:00,0.18205684,0.149,-0.033056844
06-06-2019 22:00,0.17322075,0.130833333,-0.04238742
06-06-2019 23:00,0.12755167,0.126666667,-0.000885008
07-06-2019 00:00,0.09644264,0.135333333,0.038890694
07-06-2019 01:00,0.135865,0.132416667,-0.003448336
07-06-2019 02:00,0.1416781,0.130916667,-0.010761428
07-06-2019 03:00,0.14844692,0.131583333,-0.016863584
07-06-2019 04:00,0.1608263,0.131916667,-0.028909629
07-06-2019 05:00,0.17909193,0.28325,0.10415807
07-06-2019 06:00,0.2960643,0.132583333,-0.163480954
07-06-2019 07:00,0.22350255,0.123416667,-0.10008588
07-06-2019 08:00,0.29768932,0.120583333,-0.177105985
07-06-2019 09:00,0.3665545,0.627166667,0.260612168
07-06-2019 10:00,0.69990075,0.69275,-0.007150746
07-06-2019 11:00,0.7898571,0.7,-0.08985709
07-06-2019 12:00,0.777299,0.760833333,-0.016465654
07-06-2019 13:00,0.7555124,0.853083333,0.097570917
07-06-2019 14:00,0.74689335,0.886083333,0.139189987
07-06-2019 15:00,0.7238023,0.5685,-0.155302328
07-06-2019 16:00,0.57244664,0.511,-0.061446644
07-06-2019 17:00,0.5321127,1.24925,0.717137282
07-06-2019 18:00,0.6027369,0.80875,0.20601311
07-06-2019 19:00,0.54426473,0.549583333,0.0053186
07-06-2019 20:00,0.41678137,0.451,0.034218634
07-06-2019 21:00,0.35689276,0.279333333,-0.077559431
07-06-2019 22:00,0.2570261,0.264666667,0.007640561
07-06-2019 23:00,0.22877008,0.25975,0.030979923
08-06-2019 00:00,0.19605902,0.258583333,0.062524315
08-06-2019 01:00,0.21934602,0.25425,0.034903983
08-06-2019 02:00,0.21216986,0.246083333,0.033913478
08-06-2019 03:00,0.21285987,0.160833333,-0.052026536
08-06-2019 04:00,0.1577369,0.135166667,-0.022570231
08-06-2019 05:00,0.14196384,0.12875,-0.01321384
08-06-2019 06:00,0.15881708,0.128333333,-0.030483749
08-06-2019 07:00,0.19880995,0.364416667,0.165606715
08-06-2019 08:00,0.4536432,0.83425,0.380606797
08-06-2019 09:00,0.7070618,1.401416667,0.694354839
08-06-2019 10:00,0.9076184,0.85375,-0.053868403
08-06-2019 11:00,0.93431157,0.837416667,-0.096894902
08-06-2019 12:00,0.83673733,1.21475,0.378012665
08-06-2019 13:00,0.85110044,1.086333333,0.235232889
08-06-2019 14:00,0.84079754,0.439166667,-0.401630877
08-06-2019 15:00,0.55407774,0.79925,0.245172256
08-06-2019 16:00,0.75056493,0.8265,0.075935067
08-06-2019 17:00,0.66675335,0.545166667,-0.121586685
08-06-2019 18:00,0.49942195,1.789916667,1.290494713
08-06-2019 19:00,0.55593586,1.20275,0.64681414
08-06-2019 20:00,0.4879487,0.34375,-0.144198686
08-06-2019 21:00,0.2643633,0.333916667,0.069553378
08-06-2019 22:00,0.24757619,0.341,0.093423808
08-06-2019 23:00,0.22906062,0.458916667,0.229856047
09-06-2019 00:00,0.25109246,0.25825,0.007157536
09-06-2019 01:00,0.20718202,0.254333333,0.047151313
09-06-2019 02:00,0.19854411,0.2485,0.049955885
09-06-2019 03:00,0.17488092,0.146166667,-0.028714255
09-06-2019 04:00,0.0985997,0.140083333,0.041483631
09-06-2019 05:00,0.103327155,0.443083333,0.339756178
09-06-2019 06:00,0.3072167,0.927583333,0.620366629
09-06-2019 07:00,0.5364242,1.421166667,0.884742447
09-06-2019 08:00,0.77383965,1.178166667,0.404327014
09-06-2019 09:00,0.89590514,0.564833333,-0.331071804
09-06-2019 10:00,0.6952273,1.730666667,1.035439342
09-06-2019 11:00,1.0414381,0.629833333,-0.411604769
09-06-2019 12:00,0.924035,0.768416667,-0.155618346
09-06-2019 13:00,1.000261,0.661083333,-0.339177616
09-06-2019 14:00,0.9613162,0.558416667,-0.402899561
09-06-2019 15:00,0.8893383,1.4595,0.570161685
09-06-2019 16:00,1.0901796,1.47475,0.384570437
09-06-2019 17:00,0.9890913,3.46825,2.479158723
09-06-2019 18:00,0.90580624,0.64525,-0.260556243
09-06-2019 19:00,0.65757066,0.607416667,-0.050153993
09-06-2019 20:00,0.659306,0.782916667,0.123610677
09-06-2019 21:00,0.7426901,1.150416667,0.40772658
09-06-2019 22:00,0.749084,1.7355,0.986416004
09-06-2019 23:00,0.7868609,1.13775,0.350889117
10-06-2019 00:00,0.7655079,0.834583333,0.069075456
10-06-2019 01:00,0.6421287,0.28625,-0.355878706
10-06-2019 02:00,0.34236825,0.265333333,-0.077034912
10-06-2019 03:00,0.3350823,0.264833333,-0.070248959
10-06-2019 04:00,0.31555524,0.263666667,-0.051888578
10-06-2019 05:00,0.32014525,0.264083333,-0.056061916
10-06-2019 06:00,0.33239824,0.245166667,-0.087231569
10-06-2019 07:00,0.34544066,0.24175,-0.103690656
10-06-2019 08:00,0.39527404,0.477916667,0.082642624
10-06-2019 09:00,0.622122,0.840916667,0.218794677
10-06-2019 10:00,0.7865279,0.61125,-0.175277872
10-06-2019 11:00,0.740172,0.582833333,-0.157338695
10-06-2019 12:00,0.6210154,0.451833333,-0.169182096
10-06-2019 13:00,0.545661,0.538583333,-0.007077639
10-06-2019 14:00,0.63343316,0.354166667,-0.279266496
10-06-2019 15:00,0.51480514,1.512,0.997194862
10-06-2019 16:00,0.91689754,1.08825,0.171352465
10-06-2019 17:00,1.0837519,0.858,-0.225751917
10-06-2019 18:00,0.8835762,0.252583333,-0.630992881
10-06-2019 19:00,0.5144719,0.577916667,0.063444778
10-06-2019 20:00,0.8057469,0.433833333,-0.37191358
10-06-2019 21:00,0.6209094,0.751416667,0.130507274
10-06-2019 22:00,0.73846847,0.6835,-0.054968468
10-06-2019 23:00,0.64566773,0.6865,0.040832268
11-06-2019 00:00,0.64109653,0.682333333,0.041236801
11-06-2019 01:00,0.62446404,0.65875,0.034285965
11-06-2019 02:00,0.54883045,0.2985,-0.25033045
11-06-2019 03:00,0.25757748,0.118333333,-0.139244146
11-06-2019 04:00,0.19831493,0.143416667,-0.054898268
11-06-2019 05:00,0.2847419,0.273166667,-0.011575242
11-06-2019 06:00,0.44361204,0.192,-0.251612039
11-06-2019 07:00,0.47436988,0.227833333,-0.24653655
11-06-2019 08:00,0.5447257,0.234666667,-0.310059049
11-06-2019 09:00,0.60494995,0.12025,-0.484699951
11-06-2019 10:00,0.46516955,0.33825,-0.126919549
11-06-2019 11:00,0.65049744,0.316583333,-0.333914103
11-06-2019 12:00,0.583841,0.50625,-0.077591026
11-06-2019 13:00,0.6905037,0.49625,-0.194253716
11-06-2019 14:00,0.70695513,0.306833333,-0.400121802
11-06-2019 15:00,0.41999802,0.128583333,-0.291414687
11-06-2019 16:00,0.26546797,0.226416667,-0.039051305
11-06-2019 17:00,0.41973996,0.934166667,0.514426705
11-06-2019 18:00,0.674819,0.411083333,-0.263735659
11-06-2019 19:00,0.5257298,0.333666667,-0.192063109
11-06-2019 20:00,0.37484515,0.416166667,0.04132152
11-06-2019 21:00,0.46087724,0.584666667,0.123789427
11-06-2019 22:00,0.52768826,0.6805,0.152811735
11-06-2019 23:00,0.558189,0.22375,-0.334438975
12-06-2019 00:00,0.2176972,0.152333333,-0.06536387
12-06-2019 01:00,0.19377926,0.153083333,-0.040695927
12-06-2019 02:00,0.2206127,0.146666667,-0.073946038
12-06-2019 03:00,0.20823845,0.15175,-0.056488453
12-06-2019 04:00,0.23948224,0.14575,-0.093732239
12-06-2019 05:00,0.2632661,0.3305,0.067233913
12-06-2019 06:00,0.4405117,0.162833333,-0.27767837
12-06-2019 07:00,0.33474115,0.128083333,-0.206657812
12-06-2019 08:00,0.38602403,0.38325,-0.002774028
12-06-2019 09:00,0.6664182,0.682666667,0.016248472
12-06-2019 10:00,0.8338299,1.131666667,0.297836787
12-06-2019 11:00,1.0198334,0.54625,-0.473583446
12-06-2019 12:00,0.97069716,0.838333333,-0.132363831
12-06-2019 13:00,0.9030599,0.285416667,-0.617643233
12-06-2019 14:00,0.49959388,0.584333333,0.08473945
12-06-2019 15:00,0.69831485,0.67575,-0.022564846
12-06-2019 16:00,0.6722355,0.847166667,0.174931178
12-06-2019 17:00,0.6411718,0.397083333,-0.24408848
12-06-2019 18:00,0.4362913,0.203083333,-0.233207974
12-06-2019 19:00,0.32740542,0.1765,-0.150905423
12-06-2019 20:00,0.30666423,0.15,-0.156664228
12-06-2019 21:00,0.23534937,0.195,-0.040349372
12-06-2019 22:00,0.22328216,0.15425,-0.069032158
12-06-2019 23:00,0.14843619,0.121083333,-0.027352855
13-06-2019 00:00,0.0976553,0.132666667,0.03501137
13-06-2019 01:00,0.13853219,0.127583333,-0.010948858
13-06-2019 02:00,0.14951575,0.120666667,-0.028849081
13-06-2019 03:00,0.15634415,0.127916667,-0.028427479
13-06-2019 04:00,0.18092367,0.641083333,0.460159663
13-06-2019 05:00,0.41946942,0.365333333,-0.054136083
13-06-2019 06:00,0.32246354,0.270166667,-0.052296876
13-06-2019 07:00,0.36242148,0.213,-0.149421483
13-06-2019 08:00,0.46202508,0.686,0.223974924
13-06-2019 09:00,0.6864476,0.6885,0.00205238
13-06-2019 10:00,0.7380909,0.681416667,-0.056674206
13-06-2019 11:00,0.7206722,0.688416667,-0.032255524
13-06-2019 12:00,0.6952401,0.697666667,0.002426586
13-06-2019 13:00,0.67353517,0.163083333,-0.510451835
13-06-2019 14:00,0.3006826,0.1475,-0.153182604
13-06-2019 15:00,0.37386027,0.14175,-0.23211027
13-06-2019 16:00,0.37403426,0.123083333,-0.250950922
13-06-2019 17:00,0.33744848,0.483166667,0.145718189
13-06-2019 18:00,0.49955982,0.664083333,0.164523514
13-06-2019 19:00,0.49922287,0.16425,-0.334972875
13-06-2019 20:00,0.24709769,0.157583333,-0.089514353
13-06-2019 21:00,0.23122899,0.182416667,-0.048812326
13-06-2019 22:00,0.21123424,0.14525,-0.065984242
13-06-2019 23:00,0.15661442,0.131833333,-0.024781089
14-06-2019 00:00,0.120515734,0.1285,0.007984266
14-06-2019 01:00,0.12771043,0.1325,0.004789568
14-06-2019 02:00,0.13368246,0.133416667,-0.000265793
14-06-2019 03:00,0.13758317,0.135083333,-0.002499833
14-06-2019 04:00,0.14137909,0.131166667,-0.010212421
14-06-2019 05:00,0.1400828,0.23025,0.090167194
14-06-2019 06:00,0.2393844,0.127666667,-0.111717731
14-06-2019 07:00,0.27766275,0.284416667,0.006753913
14-06-2019 08:00,0.5201445,0.693083333,0.172938811
14-06-2019 09:00,0.74084353,0.695,-0.045843534
14-06-2019 10:00,0.79688096,0.731083333,-0.065797627
14-06-2019 11:00,0.7725676,0.763,-0.00956757
14-06-2019 12:00,0.747666,0.38,-0.367666001
14-06-2019 13:00,0.50227416,0.364083333,-0.138190822
14-06-2019 14:00,0.5467694,0.382333333,-0.164436047
14-06-2019 15:00,0.56797475,0.8435,0.275525254
14-06-2019 16:00,0.65193254,0.618333333,-0.033599204
14-06-2019 17:00,0.5872697,0.1615,-0.425769723
14-06-2019 18:00,0.27415627,0.94625,0.672093728
14-06-2019 19:00,0.5416842,0.834916667,0.293232456
14-06-2019 20:00,0.5104537,0.4095,-0.100953701
14-06-2019 21:00,0.35562265,0.385916667,0.030294017
14-06-2019 22:00,0.35732174,0.166166667,-0.191155073
14-06-2019 23:00,0.19167835,0.173916667,-0.017761679
15-06-2019 00:00,0.18257609,0.138,-0.04457609
15-06-2019 01:00,0.1635893,0.132833333,-0.030755965
15-06-2019 02:00,0.14670807,0.125083333,-0.021624738
15-06-2019 03:00,0.11947751,0.131416667,0.011939156
15-06-2019 04:00,0.11055863,0.1185,0.007941371
15-06-2019 05:00,0.10674822,0.134333333,0.02758511
15-06-2019 06:00,0.15995061,0.151583333,-0.008367281
15-06-2019 07:00,0.27797797,0.248333333,-0.02964464
15-06-2019 08:00,0.4842704,0.851,0.366729606
15-06-2019 09:00,0.8415747,1.902916667,1.061341938
15-06-2019 10:00,1.0664659,1.121666667,0.055200812
15-06-2019 11:00,1.1756744,0.905,-0.270674438
15-06-2019 12:00,1.036678,0.798916667,-0.23776129
15-06-2019 13:00,0.98848546,0.810916667,-0.177568789
15-06-2019 14:00,0.98530227,0.775583333,-0.209718936
15-06-2019 15:00,0.9184144,2.06275,1.144335586
15-06-2019 16:00,0.9562694,0.349333333,-0.60693605
15-06-2019 17:00,0.60042447,0.234916667,-0.365507802
15-06-2019 18:00,0.5195233,0.214666667,-0.304856656
15-06-2019 19:00,0.4714397,0.300833333,-0.170606356
15-06-2019 20:00,0.41951314,0.3245,-0.095013136
15-06-2019 21:00,0.3618955,0.326916667,-0.034978835
15-06-2019 22:00,0.31394058,0.4175,0.103559415
15-06-2019 23:00,0.36940116,0.675916667,0.30651551
16-06-2019 00:00,0.5377875,0.329416667,-0.20837083
16-06-2019 01:00,0.2568903,0.129416667,-0.12747363
16-06-2019 02:00,0.13969061,0.132333333,-0.007357274
16-06-2019 03:00,0.1672098,0.127583333,-0.039626471
16-06-2019 04:00,0.15651575,0.130333333,-0.026182414
16-06-2019 05:00,0.16781169,0.127083333,-0.040728358
16-06-2019 06:00,0.17649534,0.4075,0.231004657
16-06-2019 07:00,0.47591737,0.207916667,-0.268000702
16-06-2019 08:00,0.37654954,0.515,0.138450458
16-06-2019 09:00,0.78479195,0.69975,-0.085041946
16-06-2019 10:00,0.93246675,0.440583333,-0.491883412
16-06-2019 11:00,0.7185431,0.480166667,-0.238376446
16-06-2019 12:00,0.71038014,0.690583333,-0.019796804
16-06-2019 13:00,0.92438704,0.704666667,-0.219720371
16-06-2019 14:00,0.88217354,0.699416667,-0.182756872
16-06-2019 15:00,0.8107743,0.44175,-0.369024326
16-06-2019 16:00,0.6280942,0.148333333,-0.479760863
16-06-2019 17:00,0.43538222,0.230416667,-0.204965551
16-06-2019 18:00,0.5112611,0.856333333,0.345072228
16-06-2019 19:00,0.6282594,1.053416667,0.425157246
16-06-2019 20:00,0.5671062,0.329916667,-0.237189521
16-06-2019 21:00,0.31001174,0.939583333,0.629571589
16-06-2019 22:00,0.5223734,0.335333333,-0.187040045
16-06-2019 23:00,0.2821498,0.565666667,0.283516875
17-06-2019 00:00,0.403099,0.142333333,-0.260765667
17-06-2019 01:00,0.114077,0.146583333,0.032506332
17-06-2019 02:00,0.16684923,0.1245,-0.042349226
17-06-2019 03:00,0.14784852,0.129833333,-0.018015183
17-06-2019 04:00,0.16874444,0.128666667,-0.040077778
17-06-2019 05:00,0.19147211,0.131583333,-0.05988878
17-06-2019 06:00,0.2426494,1.13475,0.892100594
17-06-2019 07:00,0.6747514,0.429083333,-0.245668068
17-06-2019 08:00,0.68840426,0.8995,0.211095738
17-06-2019 09:00,0.7555337,0.801833333,0.046299638
17-06-2019 10:00,0.75961363,0.707583333,-0.0520303
17-06-2019 11:00,0.6933421,0.702,0.00865791
17-06-2019 12:00,0.66620064,0.704333333,0.038132696
17-06-2019 13:00,0.6394844,0.702583333,0.063098928
17-06-2019 14:00,0.6176973,0.174583333,-0.443113965
17-06-2019 15:00,0.27494127,0.140333333,-0.134607932
17-06-2019 16:00,0.35550562,0.147583333,-0.207922282
17-06-2019 17:00,0.37232342,0.471416667,0.099093243
17-06-2019 18:00,0.5346328,0.25625,-0.278382802
17-06-2019 19:00,0.3478747,0.161166667,-0.186708034
17-06-2019 20:00,0.2648622,0.14525,-0.11961221
17-06-2019 21:00,0.24501748,0.138083333,-0.10693415
17-06-2019 22:00,0.20590827,0.14375,-0.062158269
17-06-2019 23:00,0.18875924,0.140416667,-0.048342571
18-06-2019 00:00,0.15873313,0.14375,-0.01498313
18-06-2019 01:00,0.15253925,0.141166667,-0.011372587
18-06-2019 02:00,0.16583869,0.139166667,-0.026672022
18-06-2019 03:00,0.16999817,0.14425,-0.025748169
18-06-2019 04:00,0.1969057,0.280916667,0.084010964
18-06-2019 05:00,0.31676757,0.261083333,-0.05568424
18-06-2019 06:00,0.3480588,0.143666667,-0.204392123
18-06-2019 07:00,0.42074966,0.136333333,-0.284416331
18-06-2019 08:00,0.49130848,0.649166667,0.157858186
18-06-2019 09:00,0.7523611,0.702666667,-0.049694452
18-06-2019 10:00,0.81506634,0.707666667,-0.107399671
18-06-2019 11:00,0.7657063,0.71875,-0.046956301
18-06-2019 12:00,0.72214806,0.716666667,-0.005481394
18-06-2019 13:00,0.6818146,0.736,0.054185389
18-06-2019 14:00,0.6617627,0.322,-0.339762714
18-06-2019 15:00,0.3617165,0.149416667,-0.212299842
18-06-2019 16:00,0.3064653,0.147833333,-0.158631965
18-06-2019 17:00,0.35732,0.144,-0.213320011
18-06-2019 18:00,0.30622542,0.142916667,-0.163308752
18-06-2019 19:00,0.28920358,0.140583333,-0.148620251
18-06-2019 20:00,0.25354946,0.141916667,-0.11163279
18-06-2019 21:00,0.2206572,0.15375,-0.0669072
18-06-2019 22:00,0.20897833,0.143083333,-0.065894992
18-06-2019 23:00,0.23188703,0.131666667,-0.100220361
19-06-2019 00:00,0.18615988,0.12675,-0.059409879
19-06-2019 01:00,0.14443183,0.128,-0.016431829
19-06-2019 02:00,0.14736265,0.12025,-0.027112649
19-06-2019 03:00,0.12822601,0.12725,-0.000976012
19-06-2019 04:00,0.13494337,0.123666667,-0.011276699
19-06-2019 05:00,0.14648968,0.12525,-0.02123968
19-06-2019 06:00,0.20120215,0.118583333,-0.082618821
19-06-2019 07:00,0.3139903,0.12675,-0.187240295
19-06-2019 08:00,0.37969488,0.64425,0.264555121
19-06-2019 09:00,0.6710683,0.693166667,0.022098356
19-06-2019 10:00,0.74585885,0.705,-0.040858848
19-06-2019 11:00,0.71749383,0.715416667,-0.002077165
19-06-2019 12:00,0.68642133,0.712666667,0.026245332
19-06-2019 13:00,0.66690207,0.591666667,-0.075235399
19-06-2019 14:00,0.57648355,0.173583333,-0.402900214
19-06-2019 15:00,0.274057,0.144,-0.130057001
19-06-2019 16:00,0.35138613,0.272583333,-0.078802797
19-06-2019 17:00,0.43594286,0.700166667,0.264223808
19-06-2019 18:00,0.53245246,0.378833333,-0.153619131
19-06-2019 19:00,0.39421448,0.137583333,-0.256631148
19-06-2019 20:00,0.19454125,0.131666667,-0.062874579
19-06-2019 21:00,0.19724756,0.135083333,-0.062164231
19-06-2019 22:00,0.17926767,0.1295,-0.049767675
19-06-2019 23:00,0.13504529,0.129333333,-0.005711957
20-06-2019 00:00,0.13263777,0.129666667,-0.002971102
20-06-2019 01:00,0.14181447,0.125083333,-0.016731137
20-06-2019 02:00,0.15124658,0.117916667,-0.033329911
20-06-2019 03:00,0.14773238,0.124416667,-0.02331571
20-06-2019 04:00,0.1482493,0.127833333,-0.020415965
20-06-2019 05:00,0.15098438,0.127166667,-0.02381771
20-06-2019 06:00,0.17350164,0.1265,-0.047001641
20-06-2019 07:00,0.29376552,0.180333333,-0.113432182
20-06-2019 08:00,0.46218017,0.673,0.210819833
20-06-2019 09:00,0.71609867,0.284583333,-0.431515333
20-06-2019 10:00,0.47150666,0.467416667,-0.004089989
20-06-2019 11:00,0.5848158,0.47125,-0.1135658
20-06-2019 12:00,0.62756455,0.548833333,-0.078731216
20-06-2019 13:00,0.64877784,0.665583333,0.016805491
20-06-2019 14:00,0.72050655,0.138333333,-0.582173216
20-06-2019 15:00,0.3306552,0.560583333,0.229928146
20-06-2019 16:00,0.6338754,0.709333333,0.075457904
20-06-2019 17:00,0.6319368,0.478666667,-0.153270122
20-06-2019 18:00,0.49449515,0.13275,-0.361745153
20-06-2019 19:00,0.19102225,0.133,-0.058022247
20-06-2019 20:00,0.22989127,0.125,-0.10489127
20-06-2019 21:00,0.19157296,0.1285,-0.063072964
20-06-2019 22:00,0.17457312,0.129666667,-0.044906457
20-06-2019 23:00,0.17805493,0.13075,-0.047304929
21-06-2019 00:00,0.18933815,0.124583333,-0.064754814
21-06-2019 01:00,0.20078859,0.126333333,-0.074455254
21-06-2019 02:00,0.20452586,0.230583333,0.026057475
21-06-2019 03:00,0.28884733,0.670666667,0.381819339
21-06-2019 04:00,0.53199166,0.485083333,-0.046908327
21-06-2019 05:00,0.38950413,0.127833333,-0.261670801
21-06-2019 06:00,0.14639866,0.131916667,-0.014481997
21-06-2019 07:00,0.28204912,0.128416667,-0.153632453
21-06-2019 08:00,0.37361524,0.536333333,0.162718098
21-06-2019 09:00,0.71408516,0.68275,-0.031335162
21-06-2019 10:00,0.79139787,0.3095,-0.48189787
21-06-2019 11:00,0.5034139,0.700916667,0.197502751
21-06-2019 12:00,0.8389311,0.702083333,-0.13684775
21-06-2019 13:00,0.8495873,0.721833333,-0.127753988
21-06-2019 14:00,0.7801441,0.702083333,-0.078060762
21-06-2019 15:00,0.7552438,0.713416667,-0.041827112
21-06-2019 16:00,0.7547034,0.391166667,-0.363536736
21-06-2019 17:00,0.5338119,0.128333333,-0.405478594
21-06-2019 18:00,0.3179975,0.12975,-0.188247485
21-06-2019 19:00,0.32118952,0.1275,-0.193689523
21-06-2019 20:00,0.25013542,0.133083333,-0.117052088
21-06-2019 21:00,0.20690188,0.127,-0.079901878
21-06-2019 22:00,0.16645265,0.125416667,-0.04103598
21-06-2019 23:00,0.15170813,0.124833333,-0.026874793
22-06-2019 00:00,0.153723,0.33375,0.180026999
22-06-2019 01:00,0.3810636,0.684583333,0.303519723
22-06-2019 02:00,0.550905,0.672166667,0.121261677
22-06-2019 03:00,0.5277687,0.669416667,0.141647995
22-06-2019 04:00,0.46279833,0.137916667,-0.324881661
22-06-2019 05:00,0.09899843,0.132333333,0.033334906
22-06-2019 06:00,0.15448591,0.112666667,-0.041819244
22-06-2019 07:00,0.21105424,0.127833333,-0.083220902
22-06-2019 08:00,0.33195087,0.306333333,-0.02561754
22-06-2019 09:00,0.6075533,0.129583333,-0.47796997
22-06-2019 10:00,0.4605884,0.1295,-0.331088396
22-06-2019 11:00,0.4621245,0.132583333,-0.329541163
22-06-2019 12:00,0.44716713,0.330916667,-0.116250462
22-06-2019 13:00,0.58075136,0.694166667,0.113415307
22-06-2019 14:00,0.74288946,0.70975,-0.033139464
22-06-2019 15:00,0.7365503,0.700833333,-0.035716938
22-06-2019 16:00,0.7036302,0.7005,-0.003130209
22-06-2019 17:00,0.7250583,0.58125,-0.143808317
22-06-2019 18:00,0.65164965,0.123333333,-0.528316321
22-06-2019 19:00,0.25514108,0.131333333,-0.123807746
22-06-2019 20:00,0.30293566,0.127333333,-0.175602327
22-06-2019 21:00,0.3059342,0.127083333,-0.178850857
22-06-2019 22:00,0.28130627,0.12475,-0.156556267
22-06-2019 23:00,0.27989775,0.129583333,-0.150314416
23-06-2019 00:00,0.31045815,0.136333333,-0.17412482
23-06-2019 01:00,0.3192795,0.132333333,-0.186946159
23-06-2019 02:00,0.26104268,0.118083333,-0.142959351
23-06-2019 03:00,0.2164984,0.13075,-0.085748405
23-06-2019 04:00,0.20746437,0.12225,-0.085214367
23-06-2019 05:00,0.16684848,0.122166667,-0.044681814
23-06-2019 06:00,0.17603293,0.126166667,-0.049866264
23-06-2019 07:00,0.30466634,0.16325,-0.14141634
23-06-2019 08:00,0.47722,0.731333333,0.254113334
23-06-2019 09:00,0.89927393,0.772,-0.127273932
23-06-2019 10:00,0.93870956,0.74775,-0.190959557
23-06-2019 11:00,0.87906915,0.73825,-0.140819149
23-06-2019 12:00,0.9459512,0.74525,-0.200701223
23-06-2019 13:00,1.0185087,0.74875,-0.269758673
23-06-2019 14:00,1.0410721,0.341416667,-0.699655464
23-06-2019 15:00,0.7894171,0.177,-0.612417088
23-06-2019 16:00,0.72812265,0.178916667,-0.549205985
23-06-2019 17:00,0.68598026,0.169166667,-0.516813594
23-06-2019 18:00,0.52270496,0.1855,-0.337204959
23-06-2019 19:00,0.4036955,0.17025,-0.233445494
23-06-2019 20:00,0.29366818,0.135083333,-0.158584847
23-06-2019 21:00,0.20635736,0.13125,-0.07510736
23-06-2019 22:00,0.18318254,0.12925,-0.053932538
23-06-2019 23:00,0.17068705,0.13075,-0.03993705
24-06-2019 00:00,0.17651707,0.130333333,-0.046183736
24-06-2019 01:00,0.12298265,0.13125,0.008267349
24-06-2019 02:00,0.19430867,0.136416667,-0.057892002
24-06-2019 03:00,0.17586342,0.675833333,0.499969918
24-06-2019 04:00,0.48228434,0.67,0.187715663
24-06-2019 05:00,0.47656247,0.127916667,-0.348645804
24-06-2019 06:00,0.18530008,0.124416667,-0.060883415
24-06-2019 07:00,0.35119364,0.123916667,-0.22727697
24-06-2019 08:00,0.40039158,0.600666667,0.200275088
24-06-2019 09:00,0.66081107,0.696666667,0.0358556
24-06-2019 10:00,0.7194918,0.70125,-0.01824178
24-06-2019 11:00,0.71148974,0.707083333,-0.004406404
24-06-2019 12:00,0.6804795,0.7205,0.040020473
24-06-2019 13:00,0.66653115,0.423,-0.243531146
24-06-2019 14:00,0.4819753,0.142833333,-0.339141954
24-06-2019 15:00,0.30170447,0.14375,-0.157954466
24-06-2019 16:00,0.36259726,0.327666667,-0.03493059
24-06-2019 17:00,0.4804775,0.691,0.210522488
24-06-2019 18:00,0.56935865,0.324916667,-0.24444198
24-06-2019 19:00,0.35527205,0.136916667,-0.218355388
24-06-2019 20:00,0.21513107,0.124166667,-0.090964408
24-06-2019 21:00,0.23342578,0.142083333,-0.091342448
24-06-2019 22:00,0.21354383,0.132083333,-0.081460499
24-06-2019 23:00,0.178895,0.127833333,-0.051061663
25-06-2019 00:00,0.18269733,0.133,-0.049697326
25-06-2019 01:00,0.16839081,0.1325,-0.03589081
25-06-2019 02:00,0.1726296,0.301583333,0.128953739
25-06-2019 03:00,0.31041154,0.688833333,0.378421791
25-06-2019 04:00,0.48820266,0.595166667,0.106964005
25-06-2019 05:00,0.43784836,0.12225,-0.315598359
25-06-2019 06:00,0.18092707,0.133416667,-0.047510401
25-06-2019 07:00,0.39141992,0.13825,-0.253169917
25-06-2019 08:00,0.49327415,0.696833333,0.203559181
25-06-2019 09:00,0.74394417,0.903833333,0.159889165
25-06-2019 10:00,0.8444094,0.872833333,0.028423927
25-06-2019 11:00,0.8452864,0.81675,-0.028536429
25-06-2019 12:00,0.79623204,0.818,0.021767955
25-06-2019 13:00,0.756116,0.819666667,0.063550694
25-06-2019 14:00,0.74228865,0.708416667,-0.033871982
25-06-2019 15:00,0.6749545,0.247666667,-0.427287807
25-06-2019 16:00,0.38252923,0.248833333,-0.133695896
25-06-2019 17:00,0.4744823,0.248583333,-0.225898965
25-06-2019 18:00,0.42273942,0.242,-0.180739416
25-06-2019 19:00,0.37048373,0.24675,-0.123733726
25-06-2019 20:00,0.3439006,0.237833333,-0.106067258
25-06-2019 21:00,0.30944902,0.234666667,-0.07478235
25-06-2019 22:00,0.28292415,0.2365,-0.046424145
25-06-2019 23:00,0.27559343,0.766,0.49040657
26-06-2019 00:00,0.6120353,0.792416667,0.180381392
26-06-2019 01:00,0.627366,0.4215,-0.205866006
26-06-2019 02:00,0.29303497,0.22925,-0.063784971
26-06-2019 03:00,0.17898706,0.232,0.053012944
26-06-2019 04:00,0.23526761,0.226,-0.009267609
26-06-2019 05:00,0.23566742,0.22625,-0.009417422
26-06-2019 06:00,0.263842,0.215083333,-0.048758653
26-06-2019 07:00,0.3731281,0.166083333,-0.207044753
26-06-2019 08:00,0.4172978,0.74725,0.32995219
26-06-2019 09:00,0.72091556,0.756083333,0.035167777
26-06-2019 10:00,0.79708946,0.752333333,-0.044756124
26-06-2019 11:00,0.78245497,0.76275,-0.019704967
26-06-2019 12:00,0.7715953,0.767666667,-0.003928633
26-06-2019 13:00,0.76018834,0.7795,0.019311659
26-06-2019 14:00,0.74556416,0.779666667,0.034102504
26-06-2019 15:00,0.7229603,0.779166667,0.056206373
26-06-2019 16:00,0.6941869,0.76325,0.069063074
26-06-2019 17:00,0.6468444,0.777,0.130155613
26-06-2019 18:00,0.6047671,0.293083333,-0.311683751
26-06-2019 19:00,0.3328723,0.198583333,-0.134288968
26-06-2019 20:00,0.31656733,0.185583333,-0.130983998
26-06-2019 21:00,0.28368026,0.184583333,-0.099096927
26-06-2019 22:00,0.23926723,0.182833333,-0.056433897
26-06-2019 23:00,0.23052728,0.177083333,-0.053443948
27-06-2019 00:00,0.21795693,0.179333333,-0.038623597
27-06-2019 01:00,0.22070065,0.171333333,-0.049367318
27-06-2019 02:00,0.19136763,0.648833333,0.457465707
27-06-2019 03:00,0.46774125,0.742666667,0.274925416
27-06-2019 04:00,0.46690887,0.656333333,0.189424461
27-06-2019 05:00,0.3700277,0.176083333,-0.193944358
27-06-2019 06:00,0.13777947,0.181166667,0.043387192
27-06-2019 07:00,0.3367874,0.18225,-0.154537403
27-06-2019 08:00,0.49422944,0.656083333,0.161853897
27-06-2019 09:00,0.7697809,0.76875,-0.001030874
27-06-2019 10:00,0.8291085,0.74575,-0.083358477
27-06-2019 11:00,0.82702875,0.744916667,-0.082112085
27-06-2019 12:00,0.81140757,0.7485,-0.062907566
27-06-2019 13:00,0.79541236,0.751416667,-0.043995695
27-06-2019 14:00,0.7840266,0.752833333,-0.031193289
27-06-2019 15:00,0.74767745,0.752583333,0.004905888
27-06-2019 16:00,0.71449566,0.751083333,0.036587674
27-06-2019 17:00,0.66457385,0.75,0.085426152
27-06-2019 18:00,0.61397916,0.266416667,-0.347562494
27-06-2019 19:00,0.32405365,0.15725,-0.166803645
27-06-2019 20:00,0.2947362,0.151416667,-0.14331954
27-06-2019 21:00,0.2662794,0.1525,-0.113779399
27-06-2019 22:00,0.23182201,0.149916667,-0.081905347
27-06-2019 23:00,0.2194283,0.15,-0.069428301
28-06-2019 00:00,0.22423269,0.226,0.001767311
28-06-2019 01:00,0.29957497,0.709333333,0.409758362
28-06-2019 02:00,0.57253426,0.704333333,0.13179907
28-06-2019 03:00,0.53895897,0.454916667,-0.0840423
28-06-2019 04:00,0.2958842,0.134166667,-0.161717525
28-06-2019 05:00,0.10197237,0.149833333,0.047860962
28-06-2019 06:00,0.20355833,0.148916667,-0.054641659
28-06-2019 07:00,0.34230888,0.148416667,-0.193892212
28-06-2019 08:00,0.46989146,0.612583333,0.142691875
28-06-2019 09:00,0.80104774,0.73325,-0.067797742
28-06-2019 10:00,0.858504,0.7345,-0.124003997
28-06-2019 11:00,0.8520191,0.758083333,-0.093935738
28-06-2019 12:00,0.8521687,0.792416667,-0.059752013
28-06-2019 13:00,0.85371417,0.773416667,-0.080297501
28-06-2019 14:00,0.8145633,0.806833333,-0.007729941
28-06-2019 15:00,0.7751885,0.79475,0.019561494
28-06-2019 16:00,0.7177093,0.794333333,0.07662403
28-06-2019 17:00,0.6600918,0.79125,0.131158183
28-06-2019 18:00,0.5956758,0.314916667,-0.280759159
28-06-2019 19:00,0.33174396,0.19475,-0.136993956
28-06-2019 20:00,0.26527998,0.191666667,-0.073613312
28-06-2019 21:00,0.24895273,0.181416667,-0.067536065
28-06-2019 22:00,0.22304693,0.1495,-0.073546929
28-06-2019 23:00,0.18229714,0.145833333,-0.036463807
29-06-2019 00:00,0.16086423,0.151,-0.009864234
29-06-2019 01:00,0.16389519,0.149333333,-0.014561856
29-06-2019 02:00,0.1534892,0.1385,-0.014989202
29-06-2019 03:00,0.12822646,0.144583333,0.016356874
29-06-2019 04:00,0.12675336,0.137083333,0.010329973
29-06-2019 05:00,0.1319659,0.136916667,0.004950761
29-06-2019 06:00,0.17911461,0.143166667,-0.035947943
29-06-2019 07:00,0.3558467,0.12875,-0.227096703
29-06-2019 08:00,0.51010466,0.69975,0.189645344
29-06-2019 09:00,0.8930928,0.725083333,-0.168009478
29-06-2019 10:00,0.93309325,0.766416667,-0.166676583
29-06-2019 11:00,0.8728257,0.783833333,-0.088992349
29-06-2019 12:00,0.84424317,0.783583333,-0.060659835
29-06-2019 13:00,0.83514374,0.792916667,-0.042227078
29-06-2019 14:00,0.82980067,0.795,-0.034800665
29-06-2019 15:00,0.7930126,0.795833333,0.002820714
29-06-2019 16:00,0.7363666,0.611083333,-0.125283296
29-06-2019 17:00,0.6098025,0.200333333,-0.409469151
29-06-2019 18:00,0.35091218,0.196583333,-0.15432885
29-06-2019 19:00,0.3573163,0.174916667,-0.182399619
29-06-2019 20:00,0.28648654,0.15125,-0.135236536
29-06-2019 21:00,0.23972301,0.150416667,-0.089306345
29-06-2019 22:00,0.21494922,0.14925,-0.06569922
29-06-2019 23:00,0.19120538,0.148333333,-0.042872049
30-06-2019 00:00,0.1730277,0.148583333,-0.024444361
30-06-2019 01:00,0.19558144,0.2875,0.091918564
30-06-2019 02:00,0.28789052,0.701333333,0.41344281
30-06-2019 03:00,0.4452229,0.720166667,0.274943752
30-06-2019 04:00,0.4502261,0.1775,-0.272726098
30-06-2019 05:00,0.111297935,0.144416667,0.033118731
30-06-2019 06:00,0.20109957,0.136666667,-0.064432908
30-06-2019 07:00,0.4423843,0.137333333,-0.305050969
30-06-2019 08:00,0.6077686,0.692416667,0.084648071
30-06-2019 09:00,0.9946423,0.71725,-0.277392317
30-06-2019 10:00,1.0061395,0.755333333,-0.250806183
30-06-2019 11:00,0.9562243,0.74525,-0.210974322
30-06-2019 12:00,0.9409217,0.752916667,-0.188005057
30-06-2019 13:00,0.9342928,0.764583333,-0.16970946
30-06-2019 14:00,0.91634554,0.767083333,-0.149262203
30-06-2019 15:00,0.8397932,0.764833333,-0.074959872
30-06-2019 16:00,0.76124966,0.773,0.011750339
30-06-2019 17:00,0.6863247,0.757,0.070675284
30-06-2019 18:00,0.6129306,0.300916667,-0.312013929
30-06-2019 19:00,0.3506795,0.16675,-0.183929487
30-06-2019 20:00,0.2771887,0.15975,-0.117438689
30-06-2019 21:00,0.26819196,0.162416667,-0.105775297
30-06-2019 22:00,0.24085943,0.152916667,-0.087942767
30-06-2019 23:00,0.23182645,0.152166667,-0.079659788
