final_idx,Predicted_diff,Actual_diff
01-05-2019 00:00,0.55332357,0.4852106
01-05-2019 01:00,0.46846476,0.4702959
01-05-2019 02:00,0.4631049,0.4642871
01-05-2019 03:00,0.46277452,0.4665404
01-05-2019 04:00,0.47488055,0.4874639
01-05-2019 05:00,0.5178982,0.4899318
01-05-2019 06:00,0.5160355,0.4973355
01-05-2019 07:00,0.5156688,0.4986231
01-05-2019 08:00,0.5132063,0.5437964
01-05-2019 09:00,0.5650163,0.5512001
01-05-2019 10:00,0.5575232,0.5610717
01-05-2019 11:00,0.5635295,0.5593549
01-05-2019 12:00,0.55578667,0.5589257
01-05-2019 13:00,0.5530893,0.5554921
01-05-2019 14:00,0.5470004,0.4661112
01-05-2019 15:00,0.45555246,0.4564542
01-05-2019 16:00,0.4571627,0.4347796
01-05-2019 17:00,0.4444032,0.4500162
01-05-2019 18:00,0.48217386,0.4629995
01-05-2019 19:00,0.5053036,0.5642907
01-05-2019 20:00,0.6065417,0.603026
01-05-2019 21:00,0.5985748,0.5999143
01-05-2019 22:00,0.5814791,0.5754499
01-05-2019 23:00,0.5444825,0.5205123
02-05-2019 00:00,0.50095356,0.4554885
02-05-2019 01:00,0.44205412,0.4405738
02-05-2019 02:00,0.4334066,0.4408957
02-05-2019 03:00,0.4456608,0.4316679
02-05-2019 04:00,0.4432951,0.4486213
02-05-2019 05:00,0.4800719,0.5507709
02-05-2019 06:00,0.6021808,0.5763083
02-05-2019 07:00,0.5954331,0.62234
02-05-2019 08:00,0.6224148,0.6328554
02-05-2019 09:00,0.6263168,0.6162239
02-05-2019 10:00,0.6028999,0.6071034
02-05-2019 11:00,0.593427,0.6100005
02-05-2019 12:00,0.5946281,0.6106443
02-05-2019 13:00,0.5822143,0.6056012
02-05-2019 14:00,0.59226304,0.5942274
02-05-2019 15:00,0.5807644,0.584785
02-05-2019 16:00,0.5800261,0.5631104
02-05-2019 17:00,0.5553089,0.5724455
02-05-2019 18:00,0.5969234,0.5827463
02-05-2019 19:00,0.6047932,0.5919741
02-05-2019 20:00,0.594879,0.6128976
02-05-2019 21:00,0.59522235,0.5999143
02-05-2019 22:00,0.567558,0.5718017
02-05-2019 23:00,0.5418706,0.5462643
03-05-2019 00:00,0.52625453,0.477485
03-05-2019 01:00,0.46462587,0.4576345
03-05-2019 02:00,0.44991505,0.4478702
03-05-2019 03:00,0.45071465,0.4484067
03-05-2019 04:00,0.4677937,0.456025
03-05-2019 05:00,0.4873122,0.5133232
03-05-2019 06:00,0.55758625,0.5975537
03-05-2019 07:00,0.62344426,0.6501307
03-05-2019 08:00,0.6463282,0.6372547
03-05-2019 09:00,0.6249367,0.6113954
03-05-2019 10:00,0.5968579,0.5974464
03-05-2019 11:00,0.58593863,0.5728747
03-05-2019 12:00,0.5582669,0.5698703
03-05-2019 13:00,0.5662161,0.5422942
03-05-2019 14:00,0.5314833,0.5352124
03-05-2019 15:00,0.5358598,0.5292036
03-05-2019 16:00,0.5405062,0.4939019
03-05-2019 17:00,0.5067806,0.4676134
03-05-2019 18:00,0.49160397,0.50431
03-05-2019 19:00,0.54720676,0.5283452
03-05-2019 20:00,0.5580334,0.5746988
03-05-2019 21:00,0.5776144,0.5814587
03-05-2019 22:00,0.5658941,0.521478
03-05-2019 23:00,0.50123453,0.4559177
04-05-2019 00:00,0.44332078,0.4357453
04-05-2019 01:00,0.42418143,0.4186846
04-05-2019 02:00,0.41408798,0.4116028
04-05-2019 03:00,0.4183603,0.4078473
04-05-2019 04:00,0.43024734,0.4290927
04-05-2019 05:00,0.47807196,0.453879
04-05-2019 06:00,0.5027682,0.5652564
04-05-2019 07:00,0.60395026,0.6123611
04-05-2019 08:00,0.6150562,0.6001289
04-05-2019 09:00,0.5880501,0.5616082
04-05-2019 10:00,0.5418803,0.5399336
04-05-2019 11:00,0.52775836,0.5510928
04-05-2019 12:00,0.55064917,0.5653637
04-05-2019 13:00,0.5728162,0.5452986
04-05-2019 14:00,0.53376305,0.5459424
04-05-2019 15:00,0.5479813,0.5404701
04-05-2019 16:00,0.5426899,0.5421869
04-05-2019 17:00,0.5550483,0.5045246
04-05-2019 18:00,0.5108022,0.5428307
04-05-2019 19:00,0.56622803,0.5754499
04-05-2019 20:00,0.5819573,0.609464
04-05-2019 21:00,0.5828293,0.598734
04-05-2019 22:00,0.5631527,0.5741623
04-05-2019 23:00,0.548682,0.5624666
05-05-2019 00:00,0.54224503,0.5117137
05-05-2019 01:00,0.49490982,0.4798456
05-05-2019 02:00,0.46796113,0.4782361
05-05-2019 03:00,0.47600958,0.4884296
05-05-2019 04:00,0.50232244,0.4910048
05-05-2019 05:00,0.5219112,0.4983012
05-05-2019 06:00,0.5278348,0.5044173
05-05-2019 07:00,0.5216547,0.5410066
05-05-2019 08:00,0.5557588,0.5604279
05-05-2019 09:00,0.56548786,0.5760937
05-05-2019 10:00,0.57412535,0.5941201
05-05-2019 11:00,0.58512163,0.5960515
05-05-2019 12:00,0.5801494,0.6023822
05-05-2019 13:00,0.58707744,0.5970172
05-05-2019 14:00,0.5764285,0.5650418
05-05-2019 15:00,0.5427783,0.5509855
05-05-2019 16:00,0.5340184,0.5669732
05-05-2019 17:00,0.57029426,0.5699776
05-05-2019 18:00,0.5808126,0.5639688
05-05-2019 19:00,0.57283413,0.5916522
05-05-2019 20:00,0.6012075,0.6167604
05-05-2019 21:00,0.61083406,0.6056012
05-05-2019 22:00,0.5885985,0.5916522
05-05-2019 23:00,0.56530267,0.595515
06-05-2019 00:00,0.5747688,0.5870383
06-05-2019 01:00,0.5734567,0.5509855
06-05-2019 02:00,0.5332572,0.5434745
06-05-2019 03:00,0.53046876,0.5448694
06-05-2019 04:00,0.54204965,0.563325
06-05-2019 05:00,0.5717892,0.5819952
06-05-2019 06:00,0.5908842,0.5716944
06-05-2019 07:00,0.5688076,0.5782397
06-05-2019 08:00,0.5786257,0.6120392
06-05-2019 09:00,0.6110922,0.5990559
06-05-2019 10:00,0.5886803,0.6119319
06-05-2019 11:00,0.6013547,0.6134341
06-05-2019 12:00,0.5988057,0.6251298
06-05-2019 13:00,0.6051595,0.6271685
06-05-2019 14:00,0.60772884,0.6097859
06-05-2019 15:00,0.5948331,0.5897208
06-05-2019 16:00,0.5735444,0.5853215
06-05-2019 17:00,0.579496,0.6043136
06-05-2019 18:00,0.6093605,0.5897208
06-05-2019 19:00,0.5866875,0.6117173
06-05-2019 20:00,0.61290014,0.6463752
06-05-2019 21:00,0.6422968,0.642727
06-05-2019 22:00,0.63020474,0.6237349
06-05-2019 23:00,0.6058613,0.6626848
07-05-2019 00:00,0.63686466,0.6625775
07-05-2019 01:00,0.6392272,0.6559249
07-05-2019 02:00,0.6357272,0.6632213
07-05-2019 03:00,0.64535606,0.6650454
07-05-2019 04:00,0.64772475,0.6646162
07-05-2019 05:00,0.6464432,0.6618264
07-05-2019 06:00,0.6472884,0.6730929
07-05-2019 07:00,0.66357416,0.6975573
07-05-2019 08:00,0.6827779,0.7008836
07-05-2019 09:00,0.6862573,0.7069997
07-05-2019 10:00,0.69028413,0.711399
07-05-2019 11:00,0.69305605,0.7159056
07-05-2019 12:00,0.69305825,0.7087165
07-05-2019 13:00,0.6815611,0.6892952
07-05-2019 14:00,0.6629438,0.6754535
07-05-2019 15:00,0.6527546,0.6780287
07-05-2019 16:00,0.6628756,0.677063
07-05-2019 17:00,0.66262084,0.67599
07-05-2019 18:00,0.6678436,0.6940164
07-05-2019 19:00,0.68940634,0.7162275
07-05-2019 20:00,0.70541006,0.7292108
07-05-2019 21:00,0.71448964,0.7230947
07-05-2019 22:00,0.7082783,0.6847886
07-05-2019 23:00,0.66386575,0.685647
08-05-2019 00:00,0.67034274,0.6795309
08-05-2019 01:00,0.6692075,0.6718053
08-05-2019 02:00,0.6643032,0.6734148
08-05-2019 03:00,0.66844857,0.6725564
08-05-2019 04:00,0.6696682,0.6739513
08-05-2019 05:00,0.67598075,0.6812477
08-05-2019 06:00,0.68673545,0.6879003
08-05-2019 07:00,0.6905779,0.7295327
08-05-2019 08:00,0.7325798,0.7257772
08-05-2019 09:00,0.7158232,0.7165494
08-05-2019 10:00,0.70407194,0.7203049
08-05-2019 11:00,0.7057943,0.7184808
08-05-2019 12:00,0.70194906,0.707107
08-05-2019 13:00,0.6917982,0.7059267
08-05-2019 14:00,0.6950393,0.689939
08-05-2019 15:00,0.6800485,0.6784579
08-05-2019 16:00,0.67409486,0.6730929
08-05-2019 17:00,0.6767232,0.6472336
08-05-2019 18:00,0.65025026,0.6518475
08-05-2019 19:00,0.6640316,0.6859689
08-05-2019 20:00,0.69280076,0.7122574
08-05-2019 21:00,0.7061236,0.7077508
08-05-2019 22:00,0.69594055,0.6704104
08-05-2019 23:00,0.65180176,0.6642943
09-05-2019 00:00,0.6518604,0.6603242
09-05-2019 01:00,0.65344024,0.6280269
09-05-2019 02:00,0.61880773,0.6248079
09-05-2019 03:00,0.62781674,0.6272758
09-05-2019 04:00,0.63760394,0.6377912
09-05-2019 05:00,0.6541653,0.6729856
09-05-2019 06:00,0.69495666,0.6872565
09-05-2019 07:00,0.6936156,0.6972354
09-05-2019 08:00,0.6975197,0.7068924
09-05-2019 09:00,0.7041424,0.704961
09-05-2019 10:00,0.6973545,0.7020639
09-05-2019 11:00,0.6930708,0.7094676
09-05-2019 12:00,0.7006287,0.702815
09-05-2019 13:00,0.6909827,0.6951967
09-05-2019 14:00,0.6837486,0.6857543
09-05-2019 15:00,0.6755108,0.6795309
09-05-2019 16:00,0.67074305,0.6676206
09-05-2019 17:00,0.66640264,0.6468044
09-05-2019 18:00,0.6516931,0.648092
09-05-2019 19:00,0.6612695,0.6874711
09-05-2019 20:00,0.6939777,0.7067851
09-05-2019 21:00,0.6979765,0.6906901
09-05-2019 22:00,0.67409515,0.6213743
09-05-2019 23:00,0.59327894,0.5578527
10-05-2019 00:00,0.5451128,0.5294182
10-05-2019 01:00,0.5267977,0.5029151
10-05-2019 02:00,0.5093677,0.4974428
10-05-2019 03:00,0.5185279,0.4975501
10-05-2019 04:00,0.5336688,0.5038808
10-05-2019 05:00,0.5492479,0.5563505
10-05-2019 06:00,0.6106332,0.5958369
10-05-2019 07:00,0.6327206,0.6720199
10-05-2019 08:00,0.6924426,0.6827499
10-05-2019 09:00,0.6850229,0.6798528
10-05-2019 10:00,0.67977434,0.6833937
10-05-2019 11:00,0.68213,0.6909047
10-05-2019 12:00,0.6848489,0.6948748
10-05-2019 13:00,0.6832533,0.7050683
10-05-2019 14:00,0.69091994,0.6946602
10-05-2019 15:00,0.6807287,0.6983084
10-05-2019 16:00,0.6899042,0.6997033
10-05-2019 17:00,0.6994632,0.6826426
10-05-2019 18:00,0.6882223,0.6744878
10-05-2019 19:00,0.6796569,0.7256699
10-05-2019 20:00,0.7163562,0.7501343
10-05-2019 21:00,0.7172489,0.7427306
10-05-2019 22:00,0.69861495,0.7057121
10-05-2019 23:00,0.65794003,0.722129
11-05-2019 00:00,0.67634046,0.7168713
11-05-2019 01:00,0.67497283,0.6991668
11-05-2019 02:00,0.66341376,0.6828572
11-05-2019 03:00,0.65395784,0.6773849
11-05-2019 04:00,0.6615757,0.6748097
11-05-2019 05:00,0.66765773,0.6926215
11-05-2019 06:00,0.69570637,0.6978792
11-05-2019 07:00,0.6950493,0.7249188
11-05-2019 08:00,0.7214029,0.7220217
11-05-2019 09:00,0.7108358,0.7107552
11-05-2019 10:00,0.6983211,0.7042099
11-05-2019 11:00,0.6930349,0.7023858
11-05-2019 12:00,0.69296426,0.6935872
11-05-2019 13:00,0.6837175,0.6906901
11-05-2019 14:00,0.68523777,0.679209
11-05-2019 15:00,0.67354536,0.6760973
11-05-2019 16:00,0.6704352,0.6751316
11-05-2019 17:00,0.67631334,0.6740586
11-05-2019 18:00,0.6871558,0.6753462
11-05-2019 19:00,0.6860487,0.7123647
11-05-2019 20:00,0.7141661,0.7281378
11-05-2019 21:00,0.71844697,0.7059267
11-05-2019 22:00,0.6946861,0.6843594
11-05-2019 23:00,0.67168975,0.7067851
12-05-2019 00:00,0.6966965,0.6987376
12-05-2019 01:00,0.6859849,0.6901536
12-05-2019 02:00,0.6801692,0.6897244
12-05-2019 03:00,0.6836998,0.6648308
12-05-2019 04:00,0.65995085,0.6450876
12-05-2019 05:00,0.64675564,0.6365036
12-05-2019 06:00,0.65081483,0.6430489
12-05-2019 07:00,0.65792525,0.6543154
12-05-2019 08:00,0.6656423,0.6360744
12-05-2019 09:00,0.63659996,0.6042063
12-05-2019 10:00,0.59797406,0.562252
12-05-2019 11:00,0.55883414,0.5277014
12-05-2019 12:00,0.53461784,0.4855325
12-05-2019 13:00,0.5004264,0.4722273
12-05-2019 14:00,0.49930146,0.4101006
12-05-2019 15:00,0.43513292,0.3782325
12-05-2019 16:00,0.41384733,0.3618156
12-05-2019 17:00,0.40958053,0.379842
12-05-2019 18:00,0.44922152,0.4181481
12-05-2019 19:00,0.49277413,0.4716908
12-05-2019 20:00,0.53126544,0.500018
12-05-2019 21:00,0.53422546,0.4976574
12-05-2019 22:00,0.5151391,0.4761974
12-05-2019 23:00,0.4870356,0.474266
13-05-2019 00:00,0.4884576,0.4684718
13-05-2019 01:00,0.48571905,0.4640725
13-05-2019 02:00,0.4854257,0.4494797
13-05-2019 03:00,0.47197926,0.4595659
13-05-2019 04:00,0.49356607,0.4676134
13-05-2019 05:00,0.5107146,0.4623557
13-05-2019 06:00,0.4965978,0.4502308
13-05-2019 07:00,0.47767153,0.4734076
13-05-2019 08:00,0.5094577,0.4859617
13-05-2019 09:00,0.50646526,0.4563469
13-05-2019 10:00,0.45781252,0.4625703
13-05-2019 11:00,0.46421382,0.4619265
13-05-2019 12:00,0.46097377,0.4617119
13-05-2019 13:00,0.45291895,0.4685791
13-05-2019 14:00,0.46343353,0.3499053
13-05-2019 15:00,0.3340244,0.2721128
13-05-2019 16:00,0.26580042,0.2730785
13-05-2019 17:00,0.2928553,0.3311278
13-05-2019 18:00,0.3905807,0.4543082
13-05-2019 19:00,0.5065997,0.4919705
13-05-2019 20:00,0.51104623,0.6565687
13-05-2019 21:00,0.6501468,0.6665476
13-05-2019 22:00,0.63164717,0.6537789
13-05-2019 23:00,0.6234713,0.6765265
14-05-2019 00:00,0.64905393,0.6334992
14-05-2019 01:00,0.5962287,0.5939055
14-05-2019 02:00,0.5678008,0.5823171
14-05-2019 03:00,0.5721312,0.5800638
14-05-2019 04:00,0.5823775,0.5930471
14-05-2019 05:00,0.603669,0.6649381
14-05-2019 06:00,0.6787511,0.6639724
14-05-2019 07:00,0.64481664,0.6873638
14-05-2019 08:00,0.65464485,0.6699812
14-05-2019 09:00,0.6355447,0.647019
14-05-2019 10:00,0.60819775,0.6407956
14-05-2019 11:00,0.5938493,0.6525986
14-05-2019 12:00,0.59391457,0.6550665
14-05-2019 13:00,0.58713186,0.6562468
14-05-2019 14:00,0.6091178,0.6392934
14-05-2019 15:00,0.610011,0.6360744
14-05-2019 16:00,0.6174822,0.6347868
14-05-2019 17:00,0.62747526,0.6383277
14-05-2019 18:00,0.6388757,0.6374693
14-05-2019 19:00,0.6537022,0.6697666
14-05-2019 20:00,0.6738296,0.6848959
14-05-2019 21:00,0.67944586,0.6742732
14-05-2019 22:00,0.6625843,0.6355379
14-05-2019 23:00,0.6111704,0.6193356
15-05-2019 00:00,0.5987599,0.5836047
15-05-2019 01:00,0.5644287,0.5329591
15-05-2019 02:00,0.52470535,0.5020567
15-05-2019 03:00,0.50712395,0.5008764
15-05-2019 04:00,0.52655554,0.5359635
15-05-2019 05:00,0.585582,0.6033479
15-05-2019 06:00,0.6504354,0.6623629
15-05-2019 07:00,0.6775386,0.724275
15-05-2019 08:00,0.7226158,0.6990595
15-05-2019 09:00,0.6826095,0.6682644
15-05-2019 10:00,0.6531936,0.6709469
15-05-2019 11:00,0.66136754,0.6722345
15-05-2019 12:00,0.6630138,0.6632213
15-05-2019 13:00,0.6511295,0.6542081
15-05-2019 14:00,0.645918,0.634143
15-05-2019 15:00,0.6275514,0.6171896
15-05-2019 16:00,0.61858845,0.6119319
15-05-2019 17:00,0.62708193,0.594442
15-05-2019 18:00,0.60933834,0.615902
15-05-2019 19:00,0.6405918,0.6387569
15-05-2019 20:00,0.64592767,0.6714834
15-05-2019 21:00,0.65894705,0.642727
15-05-2019 22:00,0.618219,0.596588
15-05-2019 23:00,0.5683307,0.5853215
16-05-2019 00:00,0.5620113,0.5216926
16-05-2019 01:00,0.50536025,0.5013056
16-05-2019 02:00,0.49538544,0.4977647
16-05-2019 03:00,0.5031232,0.5113918
16-05-2019 04:00,0.54633045,0.5269503
16-05-2019 05:00,0.5757095,0.5832828
16-05-2019 06:00,0.63060534,0.6621483
16-05-2019 07:00,0.6817986,0.6787798
16-05-2019 08:00,0.67535627,0.6764192
16-05-2019 09:00,0.67011654,0.6608607
16-05-2019 10:00,0.65288955,0.6778141
16-05-2019 11:00,0.6695743,0.6851105
16-05-2019 12:00,0.67256266,0.6871492
16-05-2019 13:00,0.66848505,0.6798528
16-05-2019 14:00,0.660386,0.6736294
16-05-2019 15:00,0.65850574,0.6723418
16-05-2019 16:00,0.6619479,0.6735221
16-05-2019 17:00,0.67134404,0.6583928
16-05-2019 18:00,0.65998787,0.6543154
16-05-2019 19:00,0.656262,0.6767411
16-05-2019 20:00,0.66440135,0.6897244
16-05-2019 21:00,0.66325676,0.6722345
16-05-2019 22:00,0.64186263,0.6064596
16-05-2019 23:00,0.57038015,0.5909011
17-05-2019 00:00,0.56707203,0.5750207
17-05-2019 01:00,0.55669755,0.5595695
17-05-2019 02:00,0.548769,0.5618228
17-05-2019 03:00,0.5704054,0.5705141
17-05-2019 04:00,0.5948744,0.5915449
17-05-2019 05:00,0.62112933,0.6226619
17-05-2019 06:00,0.64350104,0.6719126
17-05-2019 07:00,0.6810117,0.6750243
17-05-2019 08:00,0.6707462,0.6846813
17-05-2019 09:00,0.679765,0.6756681
17-05-2019 10:00,0.6690008,0.6891879
17-05-2019 11:00,0.6839506,0.6970208
17-05-2019 12:00,0.6874662,0.6991668
17-05-2019 13:00,0.68778914,0.692085
17-05-2019 14:00,0.6829382,0.6760973
17-05-2019 15:00,0.6684559,0.67599
17-05-2019 16:00,0.67233825,0.673844
17-05-2019 17:00,0.67525226,0.6678352
17-05-2019 18:00,0.6743511,0.668479
17-05-2019 19:00,0.668705,0.6800674
17-05-2019 20:00,0.6680121,0.6954113
17-05-2019 21:00,0.6712875,0.6823207
17-05-2019 22:00,0.6563164,0.6602169
17-05-2019 23:00,0.63300455,0.6623629
18-05-2019 00:00,0.6359708,0.6303875
18-05-2019 01:00,0.6099422,0.6134341
18-05-2019 02:00,0.60113406,0.6079618
18-05-2019 03:00,0.6061113,0.6177261
18-05-2019 04:00,0.6263287,0.6434781
18-05-2019 05:00,0.658502,0.6806039
18-05-2019 06:00,0.68865794,0.699596
18-05-2019 07:00,0.69837874,0.6992741
18-05-2019 08:00,0.69118285,0.7068924
18-05-2019 09:00,0.69943744,0.7036734
18-05-2019 10:00,0.6941986,0.7107552
18-05-2019 11:00,0.7017831,0.7083946
18-05-2019 12:00,0.6967403,0.711399
18-05-2019 13:00,0.70019317,0.7059267
18-05-2019 14:00,0.6961981,0.6978792
18-05-2019 15:00,0.6897444,0.6971281
18-05-2019 16:00,0.6912947,0.6969135
18-05-2019 17:00,0.6935145,0.6965916
18-05-2019 18:00,0.6955367,0.7002398
18-05-2019 19:00,0.6969913,0.7255626
18-05-2019 20:00,0.7154212,0.732859
18-05-2019 21:00,0.7125419,0.6847886
18-05-2019 22:00,0.65757376,0.6844667
18-05-2019 23:00,0.6564323,0.7263137
19-05-2019 00:00,0.70299816,0.7131158
19-05-2019 01:00,0.6896889,0.7116136
19-05-2019 02:00,0.69349736,0.7119355
19-05-2019 03:00,0.7002364,0.7149399
19-05-2019 04:00,0.7094047,0.7270648
19-05-2019 05:00,0.7222747,0.7177297
19-05-2019 06:00,0.7083458,0.7170859
19-05-2019 07:00,0.7101295,0.7229874
19-05-2019 08:00,0.71542305,0.7140815
19-05-2019 09:00,0.70450515,0.7126866
19-05-2019 10:00,0.70349014,0.7157983
19-05-2019 11:00,0.7086263,0.7130085
19-05-2019 12:00,0.7038753,0.7139742
19-05-2019 13:00,0.7047556,0.7164421
19-05-2019 14:00,0.7074954,0.6949821
19-05-2019 15:00,0.68404704,0.6811404
19-05-2019 16:00,0.67402613,0.6817842
19-05-2019 17:00,0.68161684,0.6874711
19-05-2019 18:00,0.6935049,0.6956259
19-05-2019 19:00,0.69314694,0.7091457
19-05-2019 20:00,0.6983064,0.7225582
19-05-2019 21:00,0.716904,0.722129
19-05-2019 22:00,0.7170631,0.7180516
19-05-2019 23:00,0.7057712,0.7213779
20-05-2019 00:00,0.71147364,0.721056
20-05-2019 01:00,0.7112466,0.7229874
20-05-2019 02:00,0.71525294,0.7222363
20-05-2019 03:00,0.71494955,0.724275
20-05-2019 04:00,0.7150054,0.7198757
20-05-2019 05:00,0.7126767,0.7066778
20-05-2019 06:00,0.70032495,0.6850032
20-05-2019 07:00,0.67829525,0.7008836
20-05-2019 08:00,0.70124876,0.7270648
20-05-2019 09:00,0.72653645,0.6959478
20-05-2019 10:00,0.6823157,0.7021712
20-05-2019 11:00,0.69531566,0.7012055
20-05-2019 12:00,0.6929716,0.703888
20-05-2019 13:00,0.69199896,0.7087165
20-05-2019 14:00,0.6978344,0.694231
20-05-2019 15:00,0.68413424,0.6753462
20-05-2019 16:00,0.668664,0.6646162
20-05-2019 17:00,0.6632385,0.6587147
20-05-2019 18:00,0.66325974,0.6756681
20-05-2019 19:00,0.68394655,0.6972354
20-05-2019 20:00,0.70108306,0.7401554
20-05-2019 21:00,0.7402949,0.7467007
20-05-2019 22:00,0.7358763,0.7165494
20-05-2019 23:00,0.69945663,0.7073216
21-05-2019 00:00,0.6957677,0.7109698
21-05-2019 01:00,0.70339507,0.7107552
21-05-2019 02:00,0.7046806,0.7095749
21-05-2019 03:00,0.7029583,0.7117209
21-05-2019 04:00,0.7026057,0.7142961
21-05-2019 05:00,0.70592576,0.7258845
21-05-2019 06:00,0.7252093,0.7207341
21-05-2019 07:00,0.716411,0.765049
21-05-2019 08:00,0.7581718,0.7689118
21-05-2019 09:00,0.75314665,0.7666585
21-05-2019 10:00,0.74699086,0.7738476
21-05-2019 11:00,0.7540874,0.7734184
21-05-2019 12:00,0.75120735,0.7735257
21-05-2019 13:00,0.7488684,0.7633322
21-05-2019 14:00,0.7359903,0.7487394
21-05-2019 15:00,0.7234086,0.7420868
21-05-2019 16:00,0.7213233,0.7396189
21-05-2019 17:00,0.7251369,0.727494
21-05-2019 18:00,0.7195229,0.7381167
21-05-2019 19:00,0.74001914,0.7533533
21-05-2019 20:00,0.74471086,0.7750279
21-05-2019 21:00,0.75648105,0.7663366
21-05-2019 22:00,0.74339634,0.7368291
21-05-2019 23:00,0.71393895,0.750027
22-05-2019 00:00,0.73280746,0.7503489
22-05-2019 01:00,0.731851,0.747881
22-05-2019 02:00,0.7313311,0.7424087
22-05-2019 03:00,0.727432,0.7428379
22-05-2019 04:00,0.7310677,0.7426233
22-05-2019 05:00,0.7333209,0.7401554
22-05-2019 06:00,0.7408028,0.724275
22-05-2019 07:00,0.7179603,0.7431598
22-05-2019 08:00,0.74157524,0.7461642
22-05-2019 09:00,0.74037176,0.7372583
22-05-2019 10:00,0.72718686,0.7420868
22-05-2019 11:00,0.7329346,0.7412284
22-05-2019 12:00,0.72857434,0.7513146
22-05-2019 13:00,0.7385159,0.7362926
22-05-2019 14:00,0.7208946,0.7258845
22-05-2019 15:00,0.7126623,0.7235239
22-05-2019 16:00,0.7121626,0.7196611
22-05-2019 17:00,0.71478236,0.7332882
22-05-2019 18:00,0.7341139,0.7377948
22-05-2019 19:00,0.73652667,0.7447693
22-05-2019 20:00,0.7344253,0.7652636
22-05-2019 21:00,0.7519926,0.7594694
22-05-2019 22:00,0.7459126,0.7193392
22-05-2019 23:00,0.700329,0.7453058
23-05-2019 00:00,0.73561275,0.7404773
23-05-2019 01:00,0.7271041,0.7358634
23-05-2019 02:00,0.7254294,0.7356488
23-05-2019 03:00,0.72643423,0.7395116
23-05-2019 04:00,0.7296401,0.7416576
23-05-2019 05:00,0.73158777,0.7465934
23-05-2019 06:00,0.74246776,0.7438036
23-05-2019 07:00,0.7336644,0.7818951
23-05-2019 08:00,0.7739778,0.7752425
23-05-2019 09:00,0.7566165,0.7762082
23-05-2019 10:00,0.75836873,0.7818951
23-05-2019 11:00,0.7641232,0.7824316
23-05-2019 12:00,0.760047,0.7841484
23-05-2019 13:00,0.7626556,0.7626884
23-05-2019 14:00,0.7398481,0.7494905
23-05-2019 15:00,0.73210716,0.7499197
23-05-2019 16:00,0.7395676,0.7470226
23-05-2019 17:00,0.73673135,0.7556066
23-05-2019 18:00,0.7497819,0.76183
23-05-2019 19:00,0.7555759,0.766122
23-05-2019 20:00,0.74905413,0.7844703
23-05-2019 21:00,0.76500726,0.7744914
23-05-2019 22:00,0.75736487,0.7552847
23-05-2019 23:00,0.7337102,0.7675169
24-05-2019 00:00,0.7507751,0.7637614
24-05-2019 01:00,0.74567825,0.7556066
24-05-2019 02:00,0.7391638,0.7499197
24-05-2019 03:00,0.7355984,0.752173
24-05-2019 04:00,0.74090093,0.7508854
24-05-2019 05:00,0.7421689,0.7517438
24-05-2019 06:00,0.7511335,0.7561431
24-05-2019 07:00,0.7472709,0.7670877
24-05-2019 08:00,0.7592711,0.7707359
24-05-2019 09:00,0.7603126,0.7633322
24-05-2019 10:00,0.7492231,0.7689118
24-05-2019 11:00,0.7551723,0.7689118
24-05-2019 12:00,0.74906516,0.7642979
24-05-2019 13:00,0.74562335,0.7533533
24-05-2019 14:00,0.73700786,0.7291035
24-05-2019 15:00,0.7143794,0.7109698
24-05-2019 16:00,0.7042237,0.7160129
24-05-2019 17:00,0.71584046,0.716764
24-05-2019 18:00,0.71845514,0.7424087
24-05-2019 19:00,0.7477673,0.7563577
24-05-2019 20:00,0.74744195,0.7631176
24-05-2019 21:00,0.7492345,0.7606497
24-05-2019 22:00,0.7484004,0.7571088
24-05-2019 23:00,0.74189425,0.7514219
25-05-2019 00:00,0.7354247,0.7479883
25-05-2019 01:00,0.7338832,0.7407992
25-05-2019 02:00,0.72847193,0.7372583
25-05-2019 03:00,0.7266331,0.7373656
25-05-2019 04:00,0.73025775,0.7439109
25-05-2019 05:00,0.7404632,0.7514219
25-05-2019 06:00,0.74889416,0.7444474
25-05-2019 07:00,0.73627365,0.762903
25-05-2019 08:00,0.75506985,0.7723454
25-05-2019 09:00,0.7611803,0.77256
25-05-2019 10:00,0.756978,0.7729892
25-05-2019 11:00,0.7550282,0.7529241
25-05-2019 12:00,0.73014635,0.7678388
25-05-2019 13:00,0.74782616,0.7562504
25-05-2019 14:00,0.73413444,0.7424087
25-05-2019 15:00,0.7260125,0.7345758
25-05-2019 16:00,0.7230605,0.723202
25-05-2019 17:00,0.71941274,0.7443401
25-05-2019 18:00,0.7446373,0.7523876
25-05-2019 19:00,0.74642724,0.7634395
25-05-2019 20:00,0.75384146,0.7889769
25-05-2019 21:00,0.7767018,0.7791053
25-05-2019 22:00,0.7568198,0.7622592
25-05-2019 23:00,0.7399626,0.7527095
26-05-2019 00:00,0.7321307,0.7445547
26-05-2019 01:00,0.72763985,0.7180516
26-05-2019 02:00,0.7041958,0.7179443
26-05-2019 03:00,0.7130383,0.7159056
26-05-2019 04:00,0.7125037,0.7137596
26-05-2019 05:00,0.7112938,0.7009909
26-05-2019 06:00,0.70436,0.6879003
26-05-2019 07:00,0.6911439,0.7372583
26-05-2019 08:00,0.7467086,0.743589
26-05-2019 09:00,0.7365578,0.7479883
26-05-2019 10:00,0.7350115,0.748954
26-05-2019 11:00,0.7373595,0.7460569
26-05-2019 12:00,0.7286404,0.7426233
26-05-2019 13:00,0.7250678,0.7147253
26-05-2019 14:00,0.69753635,0.6501307
26-05-2019 15:00,0.62986493,0.6115027
26-05-2019 16:00,0.60801715,0.6084983
26-05-2019 17:00,0.6242857,0.6337138
26-05-2019 18:00,0.66943866,0.7125793
26-05-2019 19:00,0.75696164,0.7518511
26-05-2019 20:00,0.7584802,0.7728819
26-05-2019 21:00,0.7654296,0.7749206
26-05-2019 22:00,0.76009727,0.7690191
26-05-2019 23:00,0.7504037,0.7571088
27-05-2019 00:00,0.7365254,0.7506708
27-05-2019 01:00,0.7349752,0.7440182
27-05-2019 02:00,0.72988194,0.7440182
27-05-2019 03:00,0.73168516,0.7342539
27-05-2019 04:00,0.72058403,0.7134377
27-05-2019 05:00,0.7086566,0.7090384
27-05-2019 06:00,0.721212,0.6739513
27-05-2019 07:00,0.6728726,0.7151545
27-05-2019 08:00,0.72656524,0.7397262
27-05-2019 09:00,0.738669,0.7499197
27-05-2019 10:00,0.73793447,0.7622592
27-05-2019 11:00,0.7444177,0.7645125
27-05-2019 12:00,0.7330156,0.7688045
27-05-2019 13:00,0.7314073,0.7589329
27-05-2019 14:00,0.72238386,0.6944456
27-05-2019 15:00,0.6613253,0.6354306
27-05-2019 16:00,0.615215,0.6458387
27-05-2019 17:00,0.6523779,0.6238422
27-05-2019 18:00,0.63683367,0.6313532
27-05-2019 19:00,0.6624425,0.652384
27-05-2019 20:00,0.6883588,0.7531387
27-05-2019 21:00,0.78798485,0.7531387
27-05-2019 22:00,0.7426825,0.7222363
27-05-2019 23:00,0.7076432,0.7301765
28-05-2019 00:00,0.7213948,0.7078581
28-05-2019 01:00,0.69633824,0.6203013
28-05-2019 02:00,0.59627926,0.6103224
28-05-2019 03:00,0.6084508,0.615902
28-05-2019 04:00,0.62229246,0.6214816
28-05-2019 05:00,0.6328187,0.7045318
28-05-2019 06:00,0.73733383,0.737151
28-05-2019 07:00,0.75221646,0.7524949
28-05-2019 08:00,0.75585526,0.7656928
28-05-2019 09:00,0.76217854,0.7630103
28-05-2019 10:00,0.74962664,0.7782469
28-05-2019 11:00,0.7661847,0.7799637
28-05-2019 12:00,0.75770396,0.7748133
28-05-2019 13:00,0.7428335,0.7627957
28-05-2019 14:00,0.72974956,0.7523876
28-05-2019 15:00,0.72633535,0.7416576
28-05-2019 16:00,0.7174051,0.7348977
28-05-2019 17:00,0.7184109,0.7197684
28-05-2019 18:00,0.7154666,0.7520657
28-05-2019 19:00,0.7688942,0.7617227
28-05-2019 20:00,0.74914587,0.7813586
28-05-2019 21:00,0.7626422,0.7777104
28-05-2019 22:00,0.75266534,0.7533533
28-05-2019 23:00,0.71466887,0.7637614
29-05-2019 00:00,0.7234408,0.7545336
29-05-2019 01:00,0.7178984,0.7493832
29-05-2019 02:00,0.7191323,0.7506708
29-05-2019 03:00,0.7287083,0.755392
29-05-2019 04:00,0.7475373,0.754319
29-05-2019 05:00,0.7474042,0.7642979
29-05-2019 06:00,0.7587004,0.7637614
29-05-2019 07:00,0.7552173,0.7636541
29-05-2019 08:00,0.7529076,0.7641906
29-05-2019 09:00,0.7551705,0.7646198
29-05-2019 10:00,0.7515143,0.7715943
29-05-2019 11:00,0.7565057,0.7703067
29-05-2019 12:00,0.7523095,0.7729892
29-05-2019 13:00,0.7549096,0.7678388
29-05-2019 14:00,0.7477683,0.7513146
29-05-2019 15:00,0.7306093,0.7456277
29-05-2019 16:00,0.7300413,0.737151
29-05-2019 17:00,0.7322793,0.7325371
29-05-2019 18:00,0.7285015,0.7589329
29-05-2019 19:00,0.7606448,0.7664439
29-05-2019 20:00,0.7543424,0.7708432
29-05-2019 21:00,0.7538335,0.7715943
29-05-2019 22:00,0.7569583,0.7635468
29-05-2019 23:00,0.74413717,0.7590402
30-05-2019 00:00,0.74166936,0.7531387
30-05-2019 01:00,0.7381141,0.7303911
30-05-2019 02:00,0.71626097,0.7134377
30-05-2019 03:00,0.7045129,0.7065705
30-05-2019 04:00,0.7050173,0.7263137
30-05-2019 05:00,0.7276364,0.7467007
30-05-2019 06:00,0.74592155,0.7626884
30-05-2019 07:00,0.7571899,0.7703067
30-05-2019 08:00,0.75940233,0.7793199
30-05-2019 09:00,0.76698214,0.7738476
30-05-2019 10:00,0.75660515,0.7815732
30-05-2019 11:00,0.7665473,0.7817878
30-05-2019 12:00,0.7626642,0.7829681
30-05-2019 13:00,0.7625407,0.7752425
30-05-2019 14:00,0.75475615,0.7645125
30-05-2019 15:00,0.7450386,0.7598986
30-05-2019 16:00,0.7469084,0.7509927
30-05-2019 17:00,0.74597836,0.7535679
30-05-2019 18:00,0.74850553,0.7647271
30-05-2019 19:00,0.7581819,0.7699848
30-05-2019 20:00,0.7577217,0.7759936
30-05-2019 21:00,0.7595215,0.7735257
30-05-2019 22:00,0.7546163,0.7579672
30-05-2019 23:00,0.7355677,0.7482029
31-05-2019 00:00,0.7244137,0.6616118
31-05-2019 01:00,0.62811816,0.6708396
31-05-2019 02:00,0.659374,0.6648308
31-05-2019 03:00,0.66879684,0.6656892
31-05-2019 04:00,0.6778701,0.6884368
31-05-2019 05:00,0.70529526,0.7404773
31-05-2019 06:00,0.75627404,0.7460569
31-05-2019 07:00,0.7441658,0.7513146
31-05-2019 08:00,0.74548453,0.7426233
31-05-2019 09:00,0.73508984,0.7419795
31-05-2019 10:00,0.7344625,0.748954
31-05-2019 11:00,0.7413817,0.7514219
31-05-2019 12:00,0.74076426,0.7581818
31-05-2019 13:00,0.7475836,0.7503489
31-05-2019 14:00,0.7393231,0.7354342
31-05-2019 15:00,0.7263923,0.7322152
31-05-2019 16:00,0.7306999,0.7294254
31-05-2019 17:00,0.73114717,0.7287816
31-05-2019 18:00,0.72909045,0.746808
31-05-2019 19:00,0.74629074,0.7679461
31-05-2019 20:00,0.7599349,0.7871528
31-05-2019 21:00,0.77127343,0.7857579
31-05-2019 22:00,0.7567223,0.7570015
31-05-2019 23:00,0.7193675,0.7631176
01-06-2019 00:00,0.73883903,0.7547482
01-06-2019 01:00,0.7283489,0.739297
01-06-2019 02:00,0.7171786,0.7374729
01-06-2019 03:00,0.72664917,0.7352196
01-06-2019 04:00,0.73385847,0.7276013
01-06-2019 05:00,0.7217159,0.7538898
01-06-2019 06:00,0.75189215,0.7593621
01-06-2019 07:00,0.7480162,0.7656928
01-06-2019 08:00,0.7538249,0.7655855
01-06-2019 09:00,0.7515876,0.765049
01-06-2019 10:00,0.749149,0.7626884
01-06-2019 11:00,0.7459415,0.7652636
01-06-2019 12:00,0.7468038,0.7611862
01-06-2019 13:00,0.7412481,0.7384386
01-06-2019 14:00,0.7198769,0.7034588
01-06-2019 15:00,0.6888431,0.696377
01-06-2019 16:00,0.69074905,0.6950894
01-06-2019 17:00,0.7013889,0.6950894
01-06-2019 18:00,0.7068879,0.7136523
01-06-2019 19:00,0.72573644,0.7416576
01-06-2019 20:00,0.7422002,0.7523876
01-06-2019 21:00,0.7408756,0.7460569
01-06-2019 22:00,0.7346716,0.707107
01-06-2019 23:00,0.68858975,0.7110771
02-06-2019 00:00,0.69991225,0.7048537
02-06-2019 01:00,0.6978736,0.6927288
02-06-2019 02:00,0.6867235,0.6928361
02-06-2019 03:00,0.6921433,0.6905828
02-06-2019 04:00,0.69888204,0.6821061
02-06-2019 05:00,0.68955076,0.6750243
02-06-2019 06:00,0.68511015,0.6822134
02-06-2019 07:00,0.6932061,0.6853251
02-06-2019 08:00,0.69260067,0.7354342
02-06-2019 09:00,0.7428909,0.7535679
02-06-2019 10:00,0.7464656,0.7614008
02-06-2019 11:00,0.7464397,0.7598986
02-06-2019 12:00,0.73722667,0.7630103
02-06-2019 13:00,0.73976946,0.7451985
02-06-2019 14:00,0.7232976,0.6911193
02-06-2019 15:00,0.6689657,0.6553884
02-06-2019 16:00,0.642223,0.6528132
02-06-2019 17:00,0.6583665,0.6578563
02-06-2019 18:00,0.67957497,0.7140815
02-06-2019 19:00,0.73976934,0.7499197
02-06-2019 20:00,0.75342137,0.7694483
02-06-2019 21:00,0.75989974,0.7710578
02-06-2019 22:00,0.75803995,0.7608643
02-06-2019 23:00,0.7420565,0.7505635
03-06-2019 00:00,0.7310104,0.7522803
03-06-2019 01:00,0.7355634,0.7313568
03-06-2019 02:00,0.71151555,0.7208414
03-06-2019 03:00,0.70390755,0.6793163
03-06-2019 04:00,0.6629497,0.6359671
03-06-2019 05:00,0.6259359,0.6193356
03-06-2019 06:00,0.62671137,0.6194429
03-06-2019 07:00,0.65354866,0.6357525
03-06-2019 08:00,0.6714434,0.6371474
03-06-2019 09:00,0.65857196,0.664187
03-06-2019 10:00,0.6787191,0.6626848
03-06-2019 11:00,0.6663596,0.6453022
03-06-2019 12:00,0.63888174,0.6397226
03-06-2019 13:00,0.63291734,0.6462679
03-06-2019 14:00,0.64476407,0.6124684
03-06-2019 15:00,0.60132146,0.5876821
03-06-2019 16:00,0.58721334,0.5853215
03-06-2019 17:00,0.6047575,0.570836
03-06-2019 18:00,0.5897813,0.5913303
03-06-2019 19:00,0.6352524,0.6224473
03-06-2019 20:00,0.6611907,0.7352196
03-06-2019 21:00,0.76357377,0.7502416
03-06-2019 22:00,0.7381904,0.7110771
03-06-2019 23:00,0.6889002,0.6565687
04-06-2019 00:00,0.6318842,0.6199794
04-06-2019 01:00,0.60088867,0.5948712
04-06-2019 02:00,0.578136,0.5950858
04-06-2019 03:00,0.5893967,0.5919741
04-06-2019 04:00,0.59782887,0.6010946
04-06-2019 05:00,0.6191823,0.6514183
04-06-2019 06:00,0.6753153,0.7019566
04-06-2019 07:00,0.71746385,0.7355415
04-06-2019 08:00,0.7388973,0.750027
04-06-2019 09:00,0.73828787,0.7315714
04-06-2019 10:00,0.70938796,0.7278159
04-06-2019 11:00,0.70580983,0.7325371
04-06-2019 12:00,0.7083895,0.726421
04-06-2019 13:00,0.6953302,0.7076435
04-06-2019 14:00,0.6762051,0.6597877
04-06-2019 15:00,0.63396716,0.6454095
04-06-2019 16:00,0.6282107,0.6579636
04-06-2019 17:00,0.65324175,0.6779214
04-06-2019 18:00,0.69127744,0.715691
04-06-2019 19:00,0.7421226,0.7175151
04-06-2019 20:00,0.711717,0.7554993
04-06-2019 21:00,0.7331591,0.7524949
04-06-2019 22:00,0.71667886,0.6861835
04-06-2019 23:00,0.6481805,0.6221254
05-06-2019 00:00,0.5932141,0.6198721
05-06-2019 01:00,0.6001225,0.6017384
05-06-2019 02:00,0.5906728,0.5950858
05-06-2019 03:00,0.595971,0.5927252
05-06-2019 04:00,0.6112541,0.5993778
05-06-2019 05:00,0.6386197,0.6283488
05-06-2019 06:00,0.6764129,0.6713761
05-06-2019 07:00,0.7027045,0.7278159
05-06-2019 08:00,0.7388793,0.7415503
05-06-2019 09:00,0.73514175,0.7497051
05-06-2019 10:00,0.7380367,0.7413357
05-06-2019 11:00,0.7228162,0.7373656
05-06-2019 12:00,0.7159449,0.7406919
05-06-2019 13:00,0.71592534,0.7405846
05-06-2019 14:00,0.718686,0.695304
05-06-2019 15:00,0.67598444,0.6927288
05-06-2019 16:00,0.6903662,0.6926215
05-06-2019 17:00,0.7041616,0.687793
05-06-2019 18:00,0.70178765,0.7209487
05-06-2019 19:00,0.744454,0.7215925
05-06-2019 20:00,0.71220213,0.7428379
05-06-2019 21:00,0.7151351,0.7374729
05-06-2019 22:00,0.70279866,0.6919777
05-06-2019 23:00,0.6592404,0.7145107
06-06-2019 00:00,0.68226963,0.7090384
06-06-2019 01:00,0.67878115,0.6745951
06-06-2019 02:00,0.64994633,0.6608607
06-06-2019 03:00,0.64383006,0.6655819
06-06-2019 04:00,0.659553,0.6679425
06-06-2019 05:00,0.67519546,0.7228801
06-06-2019 06:00,0.74473363,0.7442328
06-06-2019 07:00,0.74687296,0.7512073
06-06-2019 08:00,0.74359685,0.7561431
06-06-2019 09:00,0.741487,0.7537825
06-06-2019 10:00,0.737093,0.7591475
06-06-2019 11:00,0.7448895,0.7578599
06-06-2019 12:00,0.7392142,0.757538
06-06-2019 13:00,0.73543125,0.7545336
06-06-2019 14:00,0.7365594,0.7271721
06-06-2019 15:00,0.70903444,0.7254553
06-06-2019 16:00,0.716905,0.7300692
06-06-2019 17:00,0.7301991,0.7112917
06-06-2019 18:00,0.7072115,0.7292108
06-06-2019 19:00,0.7318277,0.7308203
06-06-2019 20:00,0.7173273,0.7454131
06-06-2019 21:00,0.7286017,0.737151
06-06-2019 22:00,0.72324914,0.721056
06-06-2019 23:00,0.70021033,0.7029223
07-06-2019 00:00,0.680345,0.7016347
07-06-2019 01:00,0.6849043,0.6859689
07-06-2019 02:00,0.6726747,0.6618264
07-06-2019 03:00,0.65552175,0.6630067
07-06-2019 04:00,0.6735724,0.6508818
07-06-2019 05:00,0.6616663,0.6747024
07-06-2019 06:00,0.68886554,0.7001325
07-06-2019 07:00,0.7105026,0.74037
07-06-2019 08:00,0.7439456,0.748954
07-06-2019 09:00,0.7408178,0.746808
07-06-2019 10:00,0.733496,0.7549628
07-06-2019 11:00,0.7415785,0.7536752
07-06-2019 12:00,0.73623127,0.7476664
07-06-2019 13:00,0.72857535,0.7404773
07-06-2019 14:00,0.72687304,0.7277086
07-06-2019 15:00,0.71605957,0.7367218
07-06-2019 16:00,0.7287859,0.7448766
07-06-2019 17:00,0.74364406,0.7430525
07-06-2019 18:00,0.7386288,0.7537825
07-06-2019 19:00,0.7506545,0.7562504
07-06-2019 20:00,0.7423604,0.7635468
07-06-2019 21:00,0.7437564,0.7659074
07-06-2019 22:00,0.743441,0.7479883
07-06-2019 23:00,0.72324026,0.7176224
08-06-2019 00:00,0.69184,0.7100041
08-06-2019 01:00,0.6864638,0.7021712
08-06-2019 02:00,0.68417513,0.6841448
08-06-2019 03:00,0.6697663,0.6662257
08-06-2019 04:00,0.6625149,0.6685863
08-06-2019 05:00,0.6763897,0.6900463
08-06-2019 06:00,0.7064934,0.7007763
08-06-2019 07:00,0.7064039,0.7249188
08-06-2019 08:00,0.7260284,0.7456277
08-06-2019 09:00,0.7422181,0.7465934
08-06-2019 10:00,0.73458856,0.7552847
08-06-2019 11:00,0.74139786,0.7549628
08-06-2019 12:00,0.73734826,0.7456277
08-06-2019 13:00,0.72772425,0.7399408
08-06-2019 14:00,0.72877306,0.7150472
08-06-2019 15:00,0.704984,0.7120428
08-06-2019 16:00,0.70974946,0.7080727
08-06-2019 17:00,0.71217304,0.7069997
08-06-2019 18:00,0.71222097,0.7192319
08-06-2019 19:00,0.7263038,0.7298546
08-06-2019 20:00,0.72930926,0.7362926
08-06-2019 21:00,0.7239463,0.7351123
08-06-2019 22:00,0.7174418,0.7188027
08-06-2019 23:00,0.7016381,0.7116136
09-06-2019 00:00,0.6951672,0.7024931
09-06-2019 01:00,0.6849266,0.7002398
09-06-2019 02:00,0.6853432,0.704961
09-06-2019 03:00,0.6952353,0.7044245
09-06-2019 04:00,0.6984379,0.694231
09-06-2019 05:00,0.6904849,0.6791017
09-06-2019 06:00,0.68192524,0.6645089
09-06-2019 07:00,0.6701142,0.6769557
09-06-2019 08:00,0.6852252,0.7048537
09-06-2019 09:00,0.7137408,0.709253
09-06-2019 10:00,0.7072161,0.7137596
09-06-2019 11:00,0.7072071,0.6978792
09-06-2019 12:00,0.6872291,0.7001325
09-06-2019 13:00,0.6900366,0.7021712
09-06-2019 14:00,0.6956646,0.630924
09-06-2019 15:00,0.60571617,0.6092494
09-06-2019 16:00,0.60755706,0.604099
09-06-2019 17:00,0.6171451,0.6231984
09-06-2019 18:00,0.6481828,0.6689082
09-06-2019 19:00,0.6962654,0.7005617
09-06-2019 20:00,0.7123686,0.7313568
09-06-2019 21:00,0.7308036,0.7394043
09-06-2019 22:00,0.72931117,0.7311422
09-06-2019 23:00,0.71631134,0.6810331
10-06-2019 00:00,0.6606101,0.6719126
10-06-2019 01:00,0.66357034,0.6292072
10-06-2019 02:00,0.61818075,0.6355379
10-06-2019 03:00,0.63932866,0.6253444
10-06-2019 04:00,0.6316876,0.6229838
10-06-2019 05:00,0.6354762,0.6314605
10-06-2019 06:00,0.6556825,0.6174042
10-06-2019 07:00,0.6339721,0.6414394
10-06-2019 08:00,0.6672832,0.6548519
10-06-2019 09:00,0.66933596,0.6868273
10-06-2019 10:00,0.69020736,0.6961624
10-06-2019 11:00,0.6896072,0.7054975
10-06-2019 12:00,0.68970555,0.7133304
10-06-2019 13:00,0.68619925,0.7183735
10-06-2019 14:00,0.6925346,0.7020639
10-06-2019 15:00,0.678658,0.6536716
10-06-2019 16:00,0.63383144,0.6271685
10-06-2019 17:00,0.62010217,0.6003435
10-06-2019 18:00,0.6029412,0.6101078
10-06-2019 19:00,0.6449605,0.6678352
10-06-2019 20:00,0.7116549,0.7278159
10-06-2019 21:00,0.7431455,0.7325371
10-06-2019 22:00,0.71720386,0.7145107
10-06-2019 23:00,0.6946561,0.6637578
11-06-2019 00:00,0.6368338,0.6501307
11-06-2019 01:00,0.6349838,0.6197648
11-06-2019 02:00,0.60734797,0.6222327
11-06-2019 03:00,0.6189576,0.6189064
11-06-2019 04:00,0.62356085,0.6228765
11-06-2019 05:00,0.6290103,0.6733075
11-06-2019 06:00,0.68456143,0.6889733
11-06-2019 07:00,0.6972659,0.7215925
11-06-2019 08:00,0.73058265,0.725348
11-06-2019 09:00,0.72239804,0.736078
11-06-2019 10:00,0.72955,0.7463788
11-06-2019 11:00,0.7352368,0.7453058
11-06-2019 12:00,0.72927594,0.7444474
11-06-2019 13:00,0.7221686,0.7351123
11-06-2019 14:00,0.7048145,0.7106479
11-06-2019 15:00,0.6820822,0.7050683
11-06-2019 16:00,0.6838079,0.7022785
11-06-2019 17:00,0.6909116,0.6966989
11-06-2019 18:00,0.70029056,0.6950894
11-06-2019 19:00,0.70652986,0.7093603
11-06-2019 20:00,0.7104774,0.7335028
11-06-2019 21:00,0.72112656,0.7188027
11-06-2019 22:00,0.6910154,0.6891879
11-06-2019 23:00,0.6625079,0.6535643
12-06-2019 00:00,0.628584,0.6162239
12-06-2019 01:00,0.5973951,0.6176188
12-06-2019 02:00,0.60787266,0.6186918
12-06-2019 03:00,0.6213482,0.6140779
12-06-2019 04:00,0.6282973,0.6179407
12-06-2019 05:00,0.6380244,0.6516329
12-06-2019 06:00,0.67768186,0.6477701
12-06-2019 07:00,0.65997934,0.7045318
12-06-2019 08:00,0.7199375,0.7107552
12-06-2019 09:00,0.70978546,0.7063559
12-06-2019 10:00,0.7004316,0.7144034
12-06-2019 11:00,0.7084479,0.7185881
12-06-2019 12:00,0.70855474,0.7104333
12-06-2019 13:00,0.6974401,0.6768484
12-06-2019 14:00,0.6640833,0.6228765
12-06-2019 15:00,0.6067361,0.6131122
12-06-2019 16:00,0.6158444,0.6230911
12-06-2019 17:00,0.64256126,0.6343576
12-06-2019 18:00,0.66386425,0.6462679
12-06-2019 19:00,0.6727642,0.6391861
12-06-2019 20:00,0.6471759,0.6934799
12-06-2019 21:00,0.6931959,0.6671914
12-06-2019 22:00,0.6483511,0.6197648
12-06-2019 23:00,0.596783,0.5966953
13-06-2019 00:00,0.5852479,0.6020603
13-06-2019 01:00,0.5985684,0.5940128
13-06-2019 02:00,0.59702533,0.5775959
13-06-2019 03:00,0.5785469,0.5769521
13-06-2019 04:00,0.5921699,0.59015
13-06-2019 05:00,0.61368823,0.6175115
13-06-2019 06:00,0.6478665,0.6336065
13-06-2019 07:00,0.65002805,0.6606461
13-06-2019 08:00,0.66900325,0.6548519
13-06-2019 09:00,0.6559994,0.6535643
13-06-2019 10:00,0.6543627,0.6634359
13-06-2019 11:00,0.6598994,0.6455168
13-06-2019 12:00,0.6321763,0.6587147
13-06-2019 13:00,0.64244294,0.6667622
13-06-2019 14:00,0.65402347,0.6458387
13-06-2019 15:00,0.63625294,0.6343576
13-06-2019 16:00,0.6312577,0.6307094
13-06-2019 17:00,0.6357075,0.6327481
13-06-2019 18:00,0.64406365,0.6532424
13-06-2019 19:00,0.669479,0.6484139
13-06-2019 20:00,0.64144033,0.6626848
13-06-2019 21:00,0.6485427,0.6602169
13-06-2019 22:00,0.6435193,0.6307094
13-06-2019 23:00,0.6128564,0.663114
14-06-2019 00:00,0.643437,0.6606461
14-06-2019 01:00,0.64079785,0.6438
14-06-2019 02:00,0.6290695,0.6440146
14-06-2019 03:00,0.63538694,0.639508
14-06-2019 04:00,0.6367957,0.6411175
14-06-2019 05:00,0.6425282,0.668479
14-06-2019 06:00,0.6720929,0.640581
14-06-2019 07:00,0.6294795,0.6698739
14-06-2019 08:00,0.6666534,0.6901536
14-06-2019 09:00,0.685342,0.6905828
14-06-2019 10:00,0.67971635,0.6975573
14-06-2019 11:00,0.6884128,0.7101114
14-06-2019 12:00,0.6970849,0.7108625
14-06-2019 13:00,0.6903238,0.7056048
14-06-2019 14:00,0.6846785,0.701742
14-06-2019 15:00,0.6837717,0.698523
14-06-2019 16:00,0.6840683,0.6998106
14-06-2019 17:00,0.68891513,0.6900463
14-06-2019 18:00,0.67932254,0.6763119
14-06-2019 19:00,0.66817755,0.6950894
14-06-2019 20:00,0.6882831,0.7109698
14-06-2019 21:00,0.70107895,0.7120428
14-06-2019 22:00,0.70251894,0.693158
14-06-2019 23:00,0.67647445,0.6535643
15-06-2019 00:00,0.63347137,0.6589293
15-06-2019 01:00,0.6453065,0.6466971
15-06-2019 02:00,0.63877046,0.6385423
15-06-2019 03:00,0.63718194,0.6383277
15-06-2019 04:00,0.6415241,0.652384
15-06-2019 05:00,0.6544004,0.6536716
15-06-2019 06:00,0.659799,0.6882222
15-06-2019 07:00,0.69498026,0.7227728
15-06-2019 08:00,0.72224265,0.7203049
15-06-2019 09:00,0.710912,0.7079654
15-06-2019 10:00,0.6976711,0.7151545
15-06-2019 11:00,0.70584095,0.7203049
15-06-2019 12:00,0.7094962,0.7184808
15-06-2019 13:00,0.7077102,0.7086092
15-06-2019 14:00,0.69932723,0.6784579
15-06-2019 15:00,0.6687699,0.6602169
15-06-2019 16:00,0.65557796,0.6638651
15-06-2019 17:00,0.66730285,0.6454095
15-06-2019 18:00,0.65296495,0.6664403
15-06-2019 19:00,0.68260205,0.6635432
15-06-2019 20:00,0.66865283,0.6703031
15-06-2019 21:00,0.66610295,0.6796382
15-06-2019 22:00,0.6691071,0.6424051
15-06-2019 23:00,0.6259246,0.6086056
16-06-2019 00:00,0.5946582,0.610537
16-06-2019 01:00,0.6075839,0.6089275
16-06-2019 02:00,0.61517155,0.6098932
16-06-2019 03:00,0.620175,0.6106443
16-06-2019 04:00,0.6224768,0.6153655
16-06-2019 05:00,0.634594,0.6447657
16-06-2019 06:00,0.6668063,0.6221254
16-06-2019 07:00,0.61829937,0.6289926
16-06-2019 08:00,0.6365384,0.6152582
16-06-2019 09:00,0.6221134,0.6310313
16-06-2019 10:00,0.6454942,0.6476628
16-06-2019 11:00,0.66077965,0.6468044
16-06-2019 12:00,0.65151644,0.6489504
16-06-2019 13:00,0.6477037,0.666333
16-06-2019 14:00,0.66190195,0.613756
16-06-2019 15:00,0.59066796,0.6103224
16-06-2019 16:00,0.60740435,0.6063523
16-06-2019 17:00,0.6138538,0.6128976
16-06-2019 18:00,0.62526274,0.6104297
16-06-2019 19:00,0.62457967,0.6199794
16-06-2019 20:00,0.63008046,0.6688009
16-06-2019 21:00,0.66714025,0.6499161
16-06-2019 22:00,0.6355719,0.628778
16-06-2019 23:00,0.6156459,0.5736258
17-06-2019 00:00,0.5555238,0.5727674
17-06-2019 01:00,0.568602,0.5330664
17-06-2019 02:00,0.5281149,0.5255554
17-06-2019 03:00,0.53477377,0.5231948
17-06-2019 04:00,0.5421959,0.5208342
17-06-2019 05:00,0.53907025,0.5177225
17-06-2019 06:00,0.5402237,0.5147181
17-06-2019 07:00,0.53698844,0.5425088
17-06-2019 08:00,0.5749958,0.5496979
17-06-2019 09:00,0.57232165,0.5427234
17-06-2019 10:00,0.5538479,0.5564578
17-06-2019 11:00,0.57093877,0.5769521
17-06-2019 12:00,0.5886294,0.6092494
17-06-2019 13:00,0.6025825,0.5848923
17-06-2019 14:00,0.56674653,0.5448694
17-06-2019 15:00,0.53251654,0.5233021
17-06-2019 16:00,0.5163473,0.5231948
17-06-2019 17:00,0.52437884,0.5179371
17-06-2019 18:00,0.531905,0.5133232
17-06-2019 19:00,0.5428996,0.5425088
17-06-2019 20:00,0.5745326,0.6208378
17-06-2019 21:00,0.64006704,0.6548519
17-06-2019 22:00,0.63996875,0.5782397
17-06-2019 23:00,0.54821706,0.6574271
18-06-2019 00:00,0.63144046,0.6446584
18-06-2019 01:00,0.61814904,0.6181553
18-06-2019 02:00,0.59520006,0.5616082
18-06-2019 03:00,0.5380082,0.5617155
18-06-2019 04:00,0.5503437,0.6090348
18-06-2019 05:00,0.60892045,0.6420832
18-06-2019 06:00,0.6443,0.6499161
18-06-2019 07:00,0.6429385,0.6708396
18-06-2019 08:00,0.6590163,0.6636505
18-06-2019 09:00,0.6511729,0.6594658
18-06-2019 10:00,0.6468724,0.6919777
18-06-2019 11:00,0.67498666,0.7106479
18-06-2019 12:00,0.68120116,0.713545
18-06-2019 13:00,0.67799526,0.7091457
18-06-2019 14:00,0.67377996,0.6966989
18-06-2019 15:00,0.6640003,0.6850032
18-06-2019 16:00,0.6544912,0.6839302
18-06-2019 17:00,0.6592331,0.6833937
18-06-2019 18:00,0.6701749,0.6616118
18-06-2019 19:00,0.6574359,0.6752389
18-06-2019 20:00,0.66931516,0.6871492
18-06-2019 21:00,0.67710406,0.6683717
18-06-2019 22:00,0.6630304,0.63307
18-06-2019 23:00,0.6136239,0.6023822
19-06-2019 00:00,0.58299065,0.5639688
19-06-2019 01:00,0.5486404,0.5223364
19-06-2019 02:00,0.5199495,0.5206196
19-06-2019 03:00,0.5339634,0.5208342
19-06-2019 04:00,0.54301053,0.5307058
19-06-2019 05:00,0.5653455,0.5936909
19-06-2019 06:00,0.6315674,0.6113954
19-06-2019 07:00,0.6288934,0.6492723
19-06-2019 08:00,0.6590943,0.6640797
19-06-2019 09:00,0.668526,0.6814623
19-06-2019 10:00,0.6821324,0.7198757
19-06-2019 11:00,0.7181703,0.7324298
19-06-2019 12:00,0.7210236,0.743589
19-06-2019 13:00,0.72810477,0.7367218
19-06-2019 14:00,0.7179481,0.7308203
19-06-2019 15:00,0.71542424,0.7310349
19-06-2019 16:00,0.71827257,0.7288889
19-06-2019 17:00,0.71814054,0.7255626
19-06-2019 18:00,0.72146994,0.7057121
19-06-2019 19:00,0.6979142,0.7100041
19-06-2019 20:00,0.694899,0.7208414
19-06-2019 21:00,0.6953081,0.7151545
19-06-2019 22:00,0.68141645,0.7007763
19-06-2019 23:00,0.6622972,0.6939091
20-06-2019 00:00,0.6523123,0.6955186
20-06-2019 01:00,0.66010857,0.6826426
20-06-2019 02:00,0.65171564,0.6816769
20-06-2019 03:00,0.6570702,0.6842521
20-06-2019 04:00,0.67098033,0.687793
20-06-2019 05:00,0.67476714,0.7004544
20-06-2019 06:00,0.6921372,0.7046391
20-06-2019 07:00,0.69573814,0.7442328
20-06-2019 08:00,0.7409921,0.738224
20-06-2019 09:00,0.72938085,0.7303911
20-06-2019 10:00,0.7204472,0.7538898
20-06-2019 11:00,0.7468435,0.7583964
20-06-2019 12:00,0.74374807,0.7567869
20-06-2019 13:00,0.7417752,0.7544263
20-06-2019 14:00,0.74091226,0.7460569
20-06-2019 15:00,0.7324977,0.742516
20-06-2019 16:00,0.72922,0.7438036
20-06-2019 17:00,0.73002654,0.7461642
20-06-2019 18:00,0.7366982,0.7213779
20-06-2019 19:00,0.709709,0.7286743
20-06-2019 20:00,0.71786475,0.7354342
20-06-2019 21:00,0.7210376,0.7326444
20-06-2019 22:00,0.71723604,0.7050683
20-06-2019 23:00,0.6874502,0.6902609
21-06-2019 00:00,0.6750314,0.6819988
21-06-2019 01:00,0.6718073,0.6830718
21-06-2019 02:00,0.6773603,0.6855397
21-06-2019 03:00,0.6821223,0.6837156
21-06-2019 04:00,0.68207633,0.6803893
21-06-2019 05:00,0.68166405,0.6879003
21-06-2019 06:00,0.69492275,0.6945529
21-06-2019 07:00,0.69303626,0.7212706
21-06-2019 08:00,0.7218247,0.730713
21-06-2019 09:00,0.7293045,0.7299619
21-06-2019 10:00,0.72249067,0.7595767
21-06-2019 11:00,0.7532315,0.7644052
21-06-2019 12:00,0.75058645,0.7691264
21-06-2019 13:00,0.7543972,0.7655855
21-06-2019 14:00,0.7502869,0.7537825
21-06-2019 15:00,0.7397795,0.7528168
21-06-2019 16:00,0.7402096,0.7483102
21-06-2019 17:00,0.7331572,0.7397262
21-06-2019 18:00,0.7312381,0.7212706
21-06-2019 19:00,0.71367514,0.7216998
21-06-2019 20:00,0.71378845,0.7287816
21-06-2019 21:00,0.71518886,0.726421
21-06-2019 22:00,0.71129936,0.7000252
21-06-2019 23:00,0.6827341,0.6871492
22-06-2019 00:00,0.6744644,0.6814623
22-06-2019 01:00,0.6715227,0.6675133
22-06-2019 02:00,0.6592528,0.6417613
22-06-2019 03:00,0.6347159,0.6370401
22-06-2019 04:00,0.6384493,0.640581
22-06-2019 05:00,0.64960366,0.674917
22-06-2019 06:00,0.6898083,0.6940164
22-06-2019 07:00,0.6993836,0.7235239
22-06-2019 08:00,0.72538394,0.7209487
22-06-2019 09:00,0.7178763,0.7251334
22-06-2019 10:00,0.7190675,0.7552847
22-06-2019 11:00,0.75061446,0.7581818
22-06-2019 12:00,0.74522746,0.7551774
22-06-2019 13:00,0.7412657,0.7486321
22-06-2019 14:00,0.73718506,0.7412284
22-06-2019 15:00,0.7312318,0.737151
22-06-2019 16:00,0.7281335,0.7369364
22-06-2019 17:00,0.72876954,0.7337174
22-06-2019 18:00,0.728924,0.7194465
22-06-2019 19:00,0.7139919,0.7218071
22-06-2019 20:00,0.7139106,0.7206268
22-06-2019 21:00,0.70550907,0.7226655
22-06-2019 22:00,0.7081314,0.7112917
22-06-2019 23:00,0.6926908,0.609464
23-06-2019 00:00,0.57771176,0.5979829
23-06-2019 01:00,0.58592445,0.5936909
23-06-2019 02:00,0.5906155,0.6015238
23-06-2019 03:00,0.6089656,0.6013092
23-06-2019 04:00,0.6197743,0.6072107
23-06-2019 05:00,0.6310545,0.597661
23-06-2019 06:00,0.61262214,0.6064596
23-06-2019 07:00,0.62700886,0.651311
23-06-2019 08:00,0.6767416,0.677063
23-06-2019 09:00,0.69234645,0.6905828
23-06-2019 10:00,0.69380575,0.6977719
23-06-2019 11:00,0.69610316,0.6951967
23-06-2019 12:00,0.690556,0.7024931
23-06-2019 13:00,0.69733155,0.6993814
23-06-2019 14:00,0.6936095,0.6921923
23-06-2019 15:00,0.6899274,0.6801747
23-06-2019 16:00,0.6794418,0.6794236
23-06-2019 17:00,0.6839728,0.6840375
23-06-2019 18:00,0.694531,0.6946602
23-06-2019 19:00,0.7054155,0.6925142
23-06-2019 20:00,0.69352895,0.7045318
23-06-2019 21:00,0.69226253,0.7080727
23-06-2019 22:00,0.67967725,0.6851105
23-06-2019 23:00,0.6601495,0.6989522
24-06-2019 00:00,0.6759717,0.6933726
24-06-2019 01:00,0.671051,0.6886514
24-06-2019 02:00,0.66595346,0.6929434
24-06-2019 03:00,0.67278236,0.6853251
24-06-2019 04:00,0.666805,0.6875784
24-06-2019 05:00,0.67515504,0.6819988
24-06-2019 06:00,0.67705125,0.6579636
24-06-2019 07:00,0.6536109,0.6884368
24-06-2019 08:00,0.69160914,0.6925142
24-06-2019 09:00,0.6912406,0.6809258
24-06-2019 10:00,0.676431,0.6881149
24-06-2019 11:00,0.68629235,0.6934799
24-06-2019 12:00,0.688765,0.7004544
24-06-2019 13:00,0.69315946,0.7013128
24-06-2019 14:00,0.69166005,0.6934799
24-06-2019 15:00,0.68438596,0.6827499
24-06-2019 16:00,0.67643964,0.6762046
24-06-2019 17:00,0.6729258,0.6799601
24-06-2019 18:00,0.67918277,0.6909047
24-06-2019 19:00,0.69305915,0.699596
24-06-2019 20:00,0.69752026,0.7077508
24-06-2019 21:00,0.70132756,0.7141888
24-06-2019 22:00,0.7084592,0.7034588
24-06-2019 23:00,0.6929486,0.699596
25-06-2019 00:00,0.6907397,0.6831791
25-06-2019 01:00,0.6748961,0.6538862
25-06-2019 02:00,0.6450597,0.6184772
25-06-2019 03:00,0.60965824,0.6189064
25-06-2019 04:00,0.6214204,0.6382204
25-06-2019 05:00,0.6480811,0.6811404
25-06-2019 06:00,0.6973629,0.7096822
25-06-2019 07:00,0.71254957,0.7432671
25-06-2019 08:00,0.73786515,0.7526022
25-06-2019 09:00,0.73964393,0.7523876
25-06-2019 10:00,0.735711,0.7752425
25-06-2019 11:00,0.75974435,0.7808221
25-06-2019 12:00,0.7602294,0.7828608
25-06-2019 13:00,0.7605228,0.7784615
25-06-2019 14:00,0.7544153,0.7683753
25-06-2019 15:00,0.74615234,0.7660147
25-06-2019 16:00,0.7500616,0.7652636
25-06-2019 17:00,0.7532437,0.7595767
25-06-2019 18:00,0.74800646,0.7458423
25-06-2019 19:00,0.73365206,0.7492759
25-06-2019 20:00,0.73739105,0.7523876
25-06-2019 21:00,0.73439795,0.7630103
25-06-2019 22:00,0.742864,0.7396189
25-06-2019 23:00,0.70759517,0.713545
26-06-2019 00:00,0.67903876,0.6978792
26-06-2019 01:00,0.6660877,0.6829645
26-06-2019 02:00,0.660336,0.6816769
26-06-2019 03:00,0.6694841,0.6837156
26-06-2019 04:00,0.6822912,0.6895098
26-06-2019 05:00,0.69362426,0.6956259
26-06-2019 06:00,0.70254517,0.716764
26-06-2019 07:00,0.72016084,0.7612935
26-06-2019 08:00,0.7644414,0.7726673
26-06-2019 09:00,0.76655614,0.7690191
26-06-2019 10:00,0.7558598,0.7931616
26-06-2019 11:00,0.78147674,0.7969171
26-06-2019 12:00,0.7776725,0.7967025
26-06-2019 13:00,0.77771443,0.7829681
26-06-2019 14:00,0.7647115,0.7697702
26-06-2019 15:00,0.75519854,0.7625811
26-06-2019 16:00,0.7495851,0.7617227
26-06-2019 17:00,0.75016636,0.7608643
26-06-2019 18:00,0.7530215,0.7448766
26-06-2019 19:00,0.73606545,0.7539971
26-06-2019 20:00,0.7476371,0.76183
26-06-2019 21:00,0.74229515,0.7561431
26-06-2019 22:00,0.73185426,0.7294254
26-06-2019 23:00,0.70353264,0.7067851
27-06-2019 00:00,0.6839864,0.7005617
27-06-2019 01:00,0.6837375,0.6926215
27-06-2019 02:00,0.6798754,0.6833937
27-06-2019 03:00,0.67445177,0.685647
27-06-2019 04:00,0.6822825,0.6896171
27-06-2019 05:00,0.6949473,0.6922996
27-06-2019 06:00,0.70355594,0.7102187
27-06-2019 07:00,0.7165853,0.7501343
27-06-2019 08:00,0.75542134,0.7455204
27-06-2019 09:00,0.7408526,0.7486321
27-06-2019 10:00,0.74111027,0.7783542
27-06-2019 11:00,0.77103215,0.7826462
27-06-2019 12:00,0.76558787,0.7867236
27-06-2019 13:00,0.7699926,0.7837192
27-06-2019 14:00,0.76664394,0.7705213
27-06-2019 15:00,0.75476235,0.7667658
27-06-2019 16:00,0.75345266,0.7652636
27-06-2019 17:00,0.75186837,0.7605424
27-06-2019 18:00,0.7528528,0.7536752
27-06-2019 19:00,0.74576664,0.7491686
27-06-2019 20:00,0.736059,0.7456277
27-06-2019 21:00,0.7258958,0.7482029
27-06-2019 22:00,0.72892165,0.7209487
27-06-2019 23:00,0.69994235,0.7009909
28-06-2019 00:00,0.6823995,0.68672
28-06-2019 01:00,0.67151976,0.6819988
28-06-2019 02:00,0.67222846,0.6688009
28-06-2019 03:00,0.6615011,0.6681571
28-06-2019 04:00,0.6662647,0.6690155
28-06-2019 05:00,0.6754547,0.6754535
28-06-2019 06:00,0.68731034,0.6858616
28-06-2019 07:00,0.69026834,0.7369364
28-06-2019 08:00,0.74606836,0.7458423
28-06-2019 09:00,0.7439025,0.7515292
28-06-2019 10:00,0.74325037,0.7801783
28-06-2019 11:00,0.77232736,0.7837192
28-06-2019 12:00,0.76740915,0.7794272
28-06-2019 13:00,0.761654,0.7783542
28-06-2019 14:00,0.7636138,0.7676242
28-06-2019 15:00,0.7536502,0.7663366
28-06-2019 16:00,0.75560874,0.7651563
28-06-2019 17:00,0.7548231,0.7616154
28-06-2019 18:00,0.75167596,0.7456277
28-06-2019 19:00,0.73507285,0.7427306
28-06-2019 20:00,0.73298,0.7562504
28-06-2019 21:00,0.7393318,0.7490613
28-06-2019 22:00,0.7267117,0.7292108
28-06-2019 23:00,0.70545113,0.7058194
29-06-2019 00:00,0.6833372,0.7014201
29-06-2019 01:00,0.68153685,0.6855397
29-06-2019 02:00,0.6693809,0.6779214
29-06-2019 03:00,0.666358,0.6741659
29-06-2019 04:00,0.66717225,0.684574
29-06-2019 05:00,0.6857557,0.6980938
29-06-2019 06:00,0.7066379,0.7122574
29-06-2019 07:00,0.7136418,0.7523876
29-06-2019 08:00,0.75521916,0.7494905
29-06-2019 09:00,0.74326444,0.7509927
29-06-2019 10:00,0.74096674,0.7734184
29-06-2019 11:00,0.7634474,0.7752425
29-06-2019 12:00,0.7601407,0.7758863
29-06-2019 13:00,0.7604321,0.7642979
29-06-2019 14:00,0.7499313,0.7502416
29-06-2019 15:00,0.738849,0.7486321
29-06-2019 16:00,0.74008965,0.7467007
29-06-2019 17:00,0.73675907,0.7433744
29-06-2019 18:00,0.7371761,0.7259918
29-06-2019 19:00,0.72051156,0.7384386
29-06-2019 20:00,0.7308874,0.7367218
29-06-2019 21:00,0.7197833,0.7438036
29-06-2019 22:00,0.72607505,0.7365072
29-06-2019 23:00,0.7173119,0.7191246
30-06-2019 00:00,0.6971718,0.7068924
30-06-2019 01:00,0.6875539,0.6962697
30-06-2019 02:00,0.6814463,0.6922996
30-06-2019 03:00,0.68358517,0.6769557
30-06-2019 04:00,0.6726431,0.6823207
30-06-2019 05:00,0.68643093,0.669552
30-06-2019 06:00,0.67687875,0.6627921
30-06-2019 07:00,0.66628844,0.6741659
30-06-2019 08:00,0.6841576,0.6791017
30-06-2019 09:00,0.6911241,0.6780287
30-06-2019 10:00,0.6839433,0.6854324
30-06-2019 11:00,0.68927556,0.6882222
30-06-2019 12:00,0.6868065,0.6860762
30-06-2019 13:00,0.68345374,0.6902609
30-06-2019 14:00,0.69018596,0.6533497
30-06-2019 15:00,0.6441183,0.6375766
30-06-2019 16:00,0.63760436,0.6387569
30-06-2019 17:00,0.6477716,0.6670841
30-06-2019 18:00,0.6856262,0.6898317
30-06-2019 19:00,0.702005,0.7154764
30-06-2019 20:00,0.72177315,0.7266356
30-06-2019 21:00,0.7213807,0.7367218
30-06-2019 22:00,0.7251901,0.7416576
30-06-2019 23:00,0.72684604,0.713545
