final_idx,Predicted,Actual,Residuals,Hour
01-05-2019 00:00,0,0,0.010660123,0
01-05-2019 01:00,0,0,0.003367823,1
01-05-2019 02:00,0,0,0.0030155,2
01-05-2019 03:00,0,0,-0.007717091,3
01-05-2019 04:00,0,0,-0.017601181,4
01-05-2019 05:00,0.03331511,8.33E-05,-0.033231778,5
01-05-2019 06:00,0.05627479,0.138333333,0.082058543,6
01-05-2019 07:00,0.3424917,0.301666667,-0.04082502,7
01-05-2019 08:00,0.6540757,0.975,0.320924318,8
01-05-2019 09:00,1.4074082,1.669166667,0.261758429,9
01-05-2019 10:00,1.9788489,2.19875,0.219901066,10
01-05-2019 11:00,2.328019,2.551666667,0.223647763,11
01-05-2019 12:00,2.5154054,2.718416667,0.20301125,12
01-05-2019 13:00,2.5097063,2.753,0.243293741,13
01-05-2019 14:00,2.3672554,2.6445,0.277244551,14
01-05-2019 15:00,2.119302,2.394666667,0.275364632,15
01-05-2019 16:00,1.7007391,1.981833333,0.281094188,16
01-05-2019 17:00,1.1321456,1.235333333,0.10318769,17
01-05-2019 18:00,0.43806094,0.3825,-0.055560939,18
01-05-2019 19:00,0.05558573,0.04075,-0.014835731,19
01-05-2019 20:00,-0.026005697,0,0.026005697,20
01-05-2019 21:00,0,0,0.028705012,21
01-05-2019 22:00,0,0,0.021449666,22
01-05-2019 23:00,0,0,0.012576025,23
02-05-2019 00:00,0,0,0.001956117,0
02-05-2019 01:00,0,0,-0.019522149,1
02-05-2019 02:00,0,0,-0.03208359,2
02-05-2019 03:00,0,0,-0.044863839,3
02-05-2019 04:00,0,0,-0.04755168,4
02-05-2019 05:00,0.054661144,0,-0.054661144,5
02-05-2019 06:00,0.1222146,0.080583333,-0.041631267,6
02-05-2019 07:00,0.3539025,0.264666667,-0.089235822,7
02-05-2019 08:00,0.5908202,0.99225,0.401429807,8
02-05-2019 09:00,1.4862827,1.6235,0.137217294,9
02-05-2019 10:00,1.900461,1.809166667,-0.091294292,10
02-05-2019 11:00,1.8031228,1.91425,0.111127241,11
02-05-2019 12:00,1.918576,0.696833333,-1.221742669,12
02-05-2019 13:00,0.6766037,0.938583333,0.261979658,13
02-05-2019 14:00,1.1730964,0.91975,-0.253346418,14
02-05-2019 15:00,0.9048738,0.321666667,-0.583207122,15
02-05-2019 16:00,0.23679464,0.1805,-0.056294636,16
02-05-2019 17:00,0.13175295,0.17025,0.038497047,17
02-05-2019 18:00,0.09145646,0.06425,-0.027206458,18
02-05-2019 19:00,0.034974564,0,-0.034974564,19
02-05-2019 20:00,0.006000746,0,-0.006000746,20
02-05-2019 21:00,0,0,0.001051706,21
02-05-2019 22:00,0,0,0.009052377,22
02-05-2019 23:00,0,0,0.017250549,23
03-05-2019 00:00,0,0,0.027630132,0
03-05-2019 01:00,0,0,0.006747406,1
03-05-2019 02:00,0,0,-0.012165476,2
03-05-2019 03:00,0,0,-0.024010319,3
03-05-2019 04:00,0,0,-0.026894409,4
03-05-2019 05:00,0.032248694,0,-0.032248694,5
03-05-2019 06:00,0.04712208,0.145166667,0.098044587,6
03-05-2019 07:00,0.32898575,0.431416667,0.102430916,7
03-05-2019 08:00,0.76544744,0.38375,-0.381697438,8
03-05-2019 09:00,0.6486854,0.43725,-0.211435396,9
03-05-2019 10:00,0.6651986,0.754166667,0.088968043,10
03-05-2019 11:00,0.96637166,1.556416667,0.590045011,11
03-05-2019 12:00,1.7016848,1.223333333,-0.478351499,12
03-05-2019 13:00,1.1116792,0.926833333,-0.184845863,13
03-05-2019 14:00,0.80871737,0.187,-0.62171737,14
03-05-2019 15:00,0.18803892,0.339583333,0.151544418,15
03-05-2019 16:00,0.26900405,0.156166667,-0.11283738,16
03-05-2019 17:00,0.12113826,0.011583333,-0.109554926,17
03-05-2019 18:00,0.04178675,0.08075,0.038963251,18
03-05-2019 19:00,0.045740116,0.03925,-0.006490116,19
03-05-2019 20:00,0.016531069,0,-0.016531069,20
03-05-2019 21:00,0,0,0.001612526,21
03-05-2019 22:00,0,0,0.007062864,22
03-05-2019 23:00,0,0,0.015623372,23
04-05-2019 00:00,0,0,0.024547648,0
04-05-2019 01:00,0,0,0.001473259,1
04-05-2019 02:00,0,0,-0.016409952,2
04-05-2019 03:00,0,0,-0.026873279,3
04-05-2019 04:00,0,0,-0.028908987,4
04-05-2019 05:00,0.03369673,0,-0.03369673,5
04-05-2019 06:00,0.047128577,0.117333333,0.070204757,6
04-05-2019 07:00,0.22436908,0.351583333,0.127214254,7
04-05-2019 08:00,0.6137682,0.735666667,0.121898447,8
04-05-2019 09:00,1.0733204,0.665833333,-0.407487055,9
04-05-2019 10:00,0.8641091,0.538,-0.326109099,10
04-05-2019 11:00,0.6362601,0.7725,0.136239908,11
04-05-2019 12:00,0.8741648,1.336333333,0.462168514,12
04-05-2019 13:00,1.3290396,0.752666667,-0.576372907,13
04-05-2019 14:00,0.6171709,0.70075,0.08357913,14
04-05-2019 15:00,0.5707692,0.578583333,0.007814143,15
04-05-2019 16:00,0.3490091,0.240916667,-0.10809243,16
04-05-2019 17:00,0.12934648,0.07075,-0.058596475,17
04-05-2019 18:00,0.051855344,0.010666667,-0.041188678,18
04-05-2019 19:00,0.01759683,0,-0.01759683,19
04-05-2019 20:00,0.004175353,0,-0.004175353,20
04-05-2019 21:00,0,0,0.001249504,21
04-05-2019 22:00,0,0,0.004576337,22
04-05-2019 23:00,0,0,0.013313305,23
05-05-2019 00:00,0,0,0.023945581,0
05-05-2019 01:00,0,0,-0.000212986,1
05-05-2019 02:00,0,0,-0.020899255,2
05-05-2019 03:00,0,0,-0.030091453,3
05-05-2019 04:00,0,0,-0.033470321,4
05-05-2019 05:00,0.03773384,0,-0.037733842,5
05-05-2019 06:00,0.04860254,0,-0.04860254,6
05-05-2019 07:00,0.09786324,0,-0.097863242,7
05-05-2019 08:00,0.23097026,0,-0.230970263,8
05-05-2019 09:00,0.285099,0,-0.285099,9
05-05-2019 10:00,0.261125,0,-0.261124998,10
05-05-2019 11:00,0.20082842,0.001083333,-0.199745085,11
05-05-2019 12:00,0.21858852,0.001333333,-0.217255183,12
05-05-2019 13:00,0.11429556,0,-0.114295557,13
05-05-2019 14:00,0.07392283,0.0015,-0.072422828,14
05-05-2019 15:00,0.13650312,0.00025,-0.136253115,15
05-05-2019 16:00,0.08940296,0.002,-0.087402959,16
05-05-2019 17:00,0.081287846,0.000166667,-0.081121179,17
05-05-2019 18:00,0.057947624,0,-0.057947624,18
05-05-2019 19:00,0.04098578,0,-0.040985782,19
05-05-2019 20:00,0.019101996,0,-0.019101996,20
05-05-2019 21:00,0,0,-0.008095104,21
05-05-2019 22:00,0,0,-0.017126162,22
05-05-2019 23:00,0,0,-0.016621727,23
06-05-2019 00:00,0,0,-0.005549479,0
06-05-2019 01:00,0,0,-0.009124447,1
06-05-2019 02:00,0,0,-0.022134442,2
06-05-2019 03:00,0,0,-0.024113286,3
06-05-2019 04:00,0,0,-0.025257576,4
06-05-2019 05:00,0.032105673,0,-0.032105673,5
06-05-2019 06:00,0.043795574,0,-0.043795574,6
06-05-2019 07:00,0.17728683,0.001166667,-0.176120167,7
06-05-2019 08:00,0.5232933,0.027333333,-0.495959983,8
06-05-2019 09:00,0.65182084,0.070916667,-0.580904172,9
06-05-2019 10:00,0.58042884,0.176,-0.404428839,10
06-05-2019 11:00,0.63379127,0.195916667,-0.437874601,11
06-05-2019 12:00,0.5399664,0.6435,0.103533596,12
06-05-2019 13:00,0.8906989,0.928833333,0.038134424,13
06-05-2019 14:00,0.9841623,1.460333333,0.476171062,14
06-05-2019 15:00,1.329211,1.064583333,-0.264627663,15
06-05-2019 16:00,0.8630339,1.059083333,0.196049443,16
06-05-2019 17:00,0.7199593,1.44475,0.724790681,17
06-05-2019 18:00,0.73679817,0.45825,-0.278548167,18
06-05-2019 19:00,0.16874717,0.021333333,-0.147413838,19
06-05-2019 20:00,0.045376677,0,-0.045376677,20
06-05-2019 21:00,0,0,-0.021025319,21
06-05-2019 22:00,0,0,-0.001769472,22
06-05-2019 23:00,0,0,0.007370901,23
07-05-2019 00:00,0,0,0.0126491,0
07-05-2019 01:00,0,0,0.023004215,1
07-05-2019 02:00,0,0,0.013928574,2
07-05-2019 03:00,0,0,0.007628482,3
07-05-2019 04:00,0,0,-0.003580708,4
07-05-2019 05:00,0.01744612,0.017583333,0.000137214,5
07-05-2019 06:00,0.0641218,0.159916667,0.095794869,6
07-05-2019 07:00,0.54817826,0.480916667,-0.067261589,7
07-05-2019 08:00,1.2111211,1.117666667,-0.093454416,8
07-05-2019 09:00,1.8152578,1.830916667,0.015658879,9
07-05-2019 10:00,2.2681053,2.126333333,-0.141771935,10
07-05-2019 11:00,2.3619955,2.52625,0.164254541,11
07-05-2019 12:00,2.6197155,2.654583333,0.034867881,12
07-05-2019 13:00,2.6259255,2.871833333,0.245907792,13
07-05-2019 14:00,2.6973848,2.477,-0.220384834,14
07-05-2019 15:00,2.254584,1.96875,-0.285834074,15
07-05-2019 16:00,1.5673892,1.045416667,-0.521972583,16
07-05-2019 17:00,0.44112054,0.570833333,0.129712798,17
07-05-2019 18:00,0.1729816,0.262083333,0.089101728,18
07-05-2019 19:00,0.04924505,0.02275,-0.026495048,19
07-05-2019 20:00,-0.015254986,0,0.015254986,20
07-05-2019 21:00,0,0,0.014972191,21
07-05-2019 22:00,0,0,0.014203351,22
07-05-2019 23:00,0,0,0.011116069,23
08-05-2019 00:00,0,0,0.001575511,0
08-05-2019 01:00,0,0,-0.01395287,1
08-05-2019 02:00,0,0,-0.016839404,2
08-05-2019 03:00,0,0,-0.036730815,3
08-05-2019 04:00,0,0,-0.039989758,4
08-05-2019 05:00,0.05612408,0,-0.05612408,5
08-05-2019 06:00,0.075768515,0.050583333,-0.025185182,6
08-05-2019 07:00,0.2619924,0.236666667,-0.025325728,7
08-05-2019 08:00,0.55905443,0.54925,-0.009804434,8
08-05-2019 09:00,0.8978779,0.754,-0.143877872,9
08-05-2019 10:00,1.0329555,1.032916667,-3.89E-05,10
08-05-2019 11:00,1.2772801,0.768,-0.509280092,11
08-05-2019 12:00,0.8065676,0.6955,-0.111067609,12
08-05-2019 13:00,0.776973,0.496333333,-0.280639676,13
08-05-2019 14:00,0.56929964,0.532083333,-0.037216305,14
08-05-2019 15:00,0.5543297,0.33325,-0.221079693,15
08-05-2019 16:00,0.29249242,0.19475,-0.097742419,16
08-05-2019 17:00,0.11010204,0.0725,-0.037602043,17
08-05-2019 18:00,0.0434915,0,-0.043491501,18
08-05-2019 19:00,0.008231778,0,-0.008231778,19
08-05-2019 20:00,0.002561319,0,-0.002561319,20
08-05-2019 21:00,0,0,0.001919013,21
08-05-2019 22:00,0,0,0.002391946,22
08-05-2019 23:00,0,0,0.001104515,23
09-05-2019 00:00,0,0,0.004323613,0
09-05-2019 01:00,0,0,-0.012424637,1
09-05-2019 02:00,0,0,-0.019523669,2
09-05-2019 03:00,0,0,-0.029504735,3
09-05-2019 04:00,0,0,-0.034705002,4
09-05-2019 05:00,0.043404598,0,-0.043404598,5
09-05-2019 06:00,0.05962505,0.166583333,0.106958285,6
09-05-2019 07:00,0.42556125,0.348,-0.077561249,7
09-05-2019 08:00,0.77888477,0.585583333,-0.193301435,8
09-05-2019 09:00,0.8935524,1.042166667,0.148614244,9
09-05-2019 10:00,1.3207293,0.940333333,-0.380395922,10
09-05-2019 11:00,1.0495178,2.014166667,0.964648916,11
09-05-2019 12:00,2.0925803,1.826,-0.266580318,12
09-05-2019 13:00,1.6762699,3.004833333,1.328563444,13
09-05-2019 14:00,2.568886,2.828666667,0.259780625,14
09-05-2019 15:00,2.2735262,0.708166667,-1.565359525,15
09-05-2019 16:00,0.474372,1.144666667,0.670294667,16
09-05-2019 17:00,0.6583937,1.333416667,0.675022986,17
09-05-2019 18:00,0.5394964,0.279583333,-0.259913088,18
09-05-2019 19:00,0.068358764,0.015416667,-0.052942097,19
09-05-2019 20:00,-0.00171439,0,0.00171439,20
09-05-2019 21:00,0,0,-0.001870382,21
09-05-2019 22:00,0,0,-0.007195342,22
09-05-2019 23:00,0,0,-0.004010368,23
10-05-2019 00:00,0,0,0.0065283,0
10-05-2019 01:00,0,0,-0.003473419,1
10-05-2019 02:00,0,0,-0.007556874,2
10-05-2019 03:00,0,0,-0.018709559,3
10-05-2019 04:00,0,0,-0.025558311,4
10-05-2019 05:00,0.039873976,0,-0.039873976,5
10-05-2019 06:00,0.063085064,0.084416667,0.021331602,6
10-05-2019 07:00,0.2711306,0.466416667,0.195286075,7
10-05-2019 08:00,0.82494086,0.91975,0.09480914,8
10-05-2019 09:00,1.3734914,1.08425,-0.289241406,9
10-05-2019 10:00,1.4506679,0.660166667,-0.790501191,10
10-05-2019 11:00,0.769619,0.90775,0.138131012,11
10-05-2019 12:00,1.0947603,1.39675,0.301989701,12
10-05-2019 13:00,1.3896488,1.76325,0.373601205,13
10-05-2019 14:00,1.5150672,1.994416667,0.479349447,14
10-05-2019 15:00,1.5763314,2.064666667,0.48833529,15
10-05-2019 16:00,1.4511049,1.70525,0.254145121,16
10-05-2019 17:00,1.0064754,0.680583333,-0.325892115,17
10-05-2019 18:00,0.24214137,0.271416667,0.029275301,18
10-05-2019 19:00,0.08269535,0.027666667,-0.055028683,19
10-05-2019 20:00,0.018147219,0,-0.018147219,20
10-05-2019 21:00,0,0,-0.007915515,21
10-05-2019 22:00,0,0,-0.015569795,22
10-05-2019 23:00,0,0,-0.009709049,23
11-05-2019 00:00,0,0,0.002348852,0
11-05-2019 01:00,0,0,0.00406025,1
11-05-2019 02:00,0,0,0.000175875,2
11-05-2019 03:00,0,0,-0.009570856,3
11-05-2019 04:00,0,0,-0.020708162,4
11-05-2019 05:00,0.033908267,0.01825,-0.015658267,5
11-05-2019 06:00,0.07324828,0.1375,0.064251718,6
11-05-2019 07:00,0.32234833,0.431583333,0.109235007,7
11-05-2019 08:00,0.78102773,0.36775,-0.413277734,8
11-05-2019 09:00,0.69135207,0.330083333,-0.361268736,9
11-05-2019 10:00,0.58188736,0.490416667,-0.091470698,10
11-05-2019 11:00,0.6984679,0.56775,-0.13071791,11
11-05-2019 12:00,0.7489787,1.02225,0.273271326,12
11-05-2019 13:00,1.1072325,1.27925,0.172017549,13
11-05-2019 14:00,1.2272193,0.98425,-0.242969343,14
11-05-2019 15:00,0.90900767,1.078083333,0.169075665,15
11-05-2019 16:00,0.8253698,0.597,-0.228369775,16
11-05-2019 17:00,0.40307656,0.430416667,0.027340107,17
11-05-2019 18:00,0.1892681,0.032,-0.157268097,18
11-05-2019 19:00,0.044986952,0,-0.044986952,19
11-05-2019 20:00,0.022832531,0,-0.022832531,20
11-05-2019 21:00,0,0,-0.019689906,21
11-05-2019 22:00,0,0,-0.015372355,22
11-05-2019 23:00,0,0,-0.007050622,23
12-05-2019 00:00,0,0,0.007641208,0
12-05-2019 01:00,0,0,-0.002567906,1
12-05-2019 02:00,0,0,-0.019182194,2
12-05-2019 03:00,0,0,-0.022468466,3
12-05-2019 04:00,0,0,-0.017827082,4
12-05-2019 05:00,0.022861768,0,-0.022861768,5
12-05-2019 06:00,0.04948138,0.022416667,-0.027064714,6
12-05-2019 07:00,0.19720694,0.273833333,0.076626389,7
12-05-2019 08:00,0.62496966,0.928,0.303030339,8
12-05-2019 09:00,1.5217451,1.670916667,0.149171581,9
12-05-2019 10:00,2.1908002,0.665916667,-1.524883523,10
12-05-2019 11:00,0.8803816,1.924833333,1.044451749,11
12-05-2019 12:00,2.183775,1.965416667,-0.218358281,12
12-05-2019 13:00,2.1359181,2.178333333,0.042415193,13
12-05-2019 14:00,2.146533,1.19825,-0.948283012,14
12-05-2019 15:00,1.1712577,1.3575,0.186242266,15
12-05-2019 16:00,1.0509969,0.686916667,-0.364080233,16
12-05-2019 17:00,0.39976728,0.166,-0.23376728,17
12-05-2019 18:00,0.14333145,0.023083333,-0.12024812,18
12-05-2019 19:00,0.081167266,0,-0.081167266,19
12-05-2019 20:00,0.05185749,0,-0.05185749,20
12-05-2019 21:00,0,0,-0.0352767,21
12-05-2019 22:00,0,0,-0.017777581,22
12-05-2019 23:00,0,0,-6.33E-05,23
13-05-2019 00:00,0,0,0.00995646,0
13-05-2019 01:00,0,0,0.035135251,1
13-05-2019 02:00,0,0,0.01291753,2
13-05-2019 03:00,0,0,0.00115807,3
13-05-2019 04:00,0,0,-0.003081459,4
13-05-2019 05:00,0.013427962,0.00925,-0.004177962,5
13-05-2019 06:00,0.10025792,0.124833333,0.024575415,6
13-05-2019 07:00,0.62566733,0.42175,-0.203917334,7
13-05-2019 08:00,1.2668148,1.066416667,-0.200398161,8
13-05-2019 09:00,1.7291287,1.675166667,-0.053962052,9
13-05-2019 10:00,2.2100031,2.3715,0.161496862,10
13-05-2019 11:00,2.7011654,2.388166667,-0.312998771,11
13-05-2019 12:00,2.682068,1.321916667,-1.360151443,12
13-05-2019 13:00,1.631218,1.059916667,-0.57130129,13
13-05-2019 14:00,1.2424535,0.646333333,-0.596120123,14
13-05-2019 15:00,0.7151642,0.779916667,0.064752482,15
13-05-2019 16:00,0.6152604,0.6065,-0.008760422,16
13-05-2019 17:00,0.30300096,0.4855,0.182499043,17
13-05-2019 18:00,0.21923548,0.217916667,-0.001318813,18
13-05-2019 19:00,0.11934285,0.04525,-0.074092849,19
13-05-2019 20:00,0.06632669,0,-0.066326693,20
13-05-2019 21:00,0,0,-0.046226133,21
13-05-2019 22:00,0,0,-0.036370564,22
13-05-2019 23:00,0,0,-0.03026085,23
14-05-2019 00:00,0,0,-0.019039232,0
14-05-2019 01:00,0,0,-0.003400165,1
14-05-2019 02:00,0,0,-0.006837505,2
14-05-2019 03:00,0,0,-0.012053598,3
14-05-2019 04:00,0,0,-0.025648374,4
14-05-2019 05:00,0.041987408,0.006416667,-0.035570741,5
14-05-2019 06:00,0.07400437,0.0885,0.014495633,6
14-05-2019 07:00,0.55666536,0.28375,-0.272915361,7
14-05-2019 08:00,0.9947933,1.150666667,0.155873371,8
14-05-2019 09:00,1.7830465,1.842083333,0.059036849,9
14-05-2019 10:00,2.268017,2.387,0.118982946,10
14-05-2019 11:00,2.6282177,2.7915,0.163282303,11
14-05-2019 12:00,2.9047737,3.002916667,0.098142955,12
14-05-2019 13:00,3.0040965,2.802833333,-0.201263175,13
14-05-2019 14:00,2.7903664,2.8195,0.029133589,14
14-05-2019 15:00,2.6044958,2.58475,-0.019745764,15
14-05-2019 16:00,2.1936307,1.643083333,-0.550547362,16
14-05-2019 17:00,0.92392,1.361583333,0.437663358,17
14-05-2019 18:00,0.35996443,0.530166667,0.170202236,18
14-05-2019 19:00,0.07726018,0.100416667,0.023156485,19
14-05-2019 20:00,-0.016487937,0,0.016487937,20
14-05-2019 21:00,0,0,0.020780813,21
14-05-2019 22:00,0,0,0.006458235,22
14-05-2019 23:00,0,0,-0.015698392,23
15-05-2019 00:00,0,0,-0.031359602,0
15-05-2019 01:00,0,0,-0.028721172,1
15-05-2019 02:00,0,0,-0.036180098,2
15-05-2019 03:00,0,0,-0.05039056,3
15-05-2019 04:00,0,0,-0.06932418,4
15-05-2019 05:00,0.069980726,0.0035,-0.066480726,5
15-05-2019 06:00,0.10771026,0.083833333,-0.023876924,6
15-05-2019 07:00,0.5633932,0.36925,-0.194143176,7
15-05-2019 08:00,0.9523856,1.206,0.253614396,8
15-05-2019 09:00,1.7818204,1.74075,-0.041070416,9
15-05-2019 10:00,2.083032,2.716,0.632968107,10
15-05-2019 11:00,2.8420312,1.408666667,-1.433364574,11
15-05-2019 12:00,1.4791371,1.68325,0.204112937,12
15-05-2019 13:00,1.8695636,1.280333333,-0.589230246,13
15-05-2019 14:00,1.2662675,0.857583333,-0.408684205,14
15-05-2019 15:00,0.8460144,0.737666667,-0.108347714,15
15-05-2019 16:00,0.6206112,0.7785,0.157888809,16
15-05-2019 17:00,0.4389116,0.353416667,-0.08549492,17
15-05-2019 18:00,0.13645275,0.15525,0.018797251,18
15-05-2019 19:00,0.06478901,0.020333333,-0.044455679,19
15-05-2019 20:00,0.020552684,0,-0.020552684,20
15-05-2019 21:00,0,0,-0.010456342,21
15-05-2019 22:00,0,0,-0.007845629,22
15-05-2019 23:00,0,0,-0.001264084,23
16-05-2019 00:00,0,0,0.005559128,0
16-05-2019 01:00,0,0,0.00498138,1
16-05-2019 02:00,0,0,-0.005155641,2
16-05-2019 03:00,0,0,-0.019476015,3
16-05-2019 04:00,0,0,-0.023969132,4
16-05-2019 05:00,0.030341107,0.02525,-0.005091107,5
16-05-2019 06:00,0.073695555,0.212416667,0.138721111,6
16-05-2019 07:00,0.6661253,0.82975,0.163624702,7
16-05-2019 08:00,1.4553843,0.9955,-0.459884254,8
16-05-2019 09:00,1.5274833,1.31875,-0.208733344,9
16-05-2019 10:00,1.760477,1.437,-0.323476947,10
16-05-2019 11:00,1.7962943,2.207416667,0.411122335,11
16-05-2019 12:00,2.3516564,2.507833333,0.156176896,12
16-05-2019 13:00,2.4552083,2.566,0.110791698,13
16-05-2019 14:00,2.3890617,1.960416667,-0.428645023,14
16-05-2019 15:00,1.7400275,2.309,0.568972453,15
16-05-2019 16:00,1.7729465,1.923666667,0.15072019,16
16-05-2019 17:00,1.1638095,1.204916667,0.041107129,17
16-05-2019 18:00,0.40106502,0.429833333,0.028768312,18
16-05-2019 19:00,0.07073803,0.077166667,0.006428634,19
16-05-2019 20:00,-0.013395261,0,0.013395261,20
16-05-2019 21:00,0,0,0.028277408,21
16-05-2019 22:00,0,0,0.011735093,22
16-05-2019 23:00,0,0,0.005965602,23
17-05-2019 00:00,0,0,0.010766547,0
17-05-2019 01:00,0,0,8.02E-05,1
17-05-2019 02:00,0,0,-0.003188003,2
17-05-2019 03:00,0,0,-0.018547434,3
17-05-2019 04:00,0,0,-0.021698374,4
17-05-2019 05:00,0.03231128,0.042083333,0.009772054,5
17-05-2019 06:00,0.10209544,0.153583333,0.051487893,6
17-05-2019 07:00,0.5937696,0.43175,-0.16201961,7
17-05-2019 08:00,1.027687,1.178333333,0.15064638,8
17-05-2019 09:00,1.7648774,1.5545,-0.210377439,9
17-05-2019 10:00,1.9105377,1.688083333,-0.222454386,10
17-05-2019 11:00,1.8856541,1.599916667,-0.285737425,11
17-05-2019 12:00,1.6410517,1.908916667,0.267865017,12
17-05-2019 13:00,1.8355459,2.231416667,0.395870769,13
17-05-2019 14:00,1.9876606,2.39725,0.409589354,14
17-05-2019 15:00,1.9293125,1.937916667,0.008604199,15
17-05-2019 16:00,1.3821096,1.121083333,-0.261026309,16
17-05-2019 17:00,0.5203141,0.414666667,-0.105647431,17
17-05-2019 18:00,0.13808475,0.212666667,0.074581912,18
17-05-2019 19:00,0.06616251,0.069333333,0.003170822,19
17-05-2019 20:00,0.013918359,0,-0.013918359,20
17-05-2019 21:00,0,0,-0.010111738,21
17-05-2019 22:00,0,0,-0.011225063,22
17-05-2019 23:00,0,0,-0.010050613,23
18-05-2019 00:00,0,0,-0.00552209,0
18-05-2019 01:00,0,0,-0.020314652,1
18-05-2019 02:00,0,0,-0.024099607,2
18-05-2019 03:00,0,0,-0.035258908,3
18-05-2019 04:00,0,0,-0.043206055,4
18-05-2019 05:00,0.058437634,0,-0.058437634,5
18-05-2019 06:00,0.094728604,0.216,0.121271396,6
18-05-2019 07:00,0.46459374,0.639083333,0.174489595,7
18-05-2019 08:00,1.07036,0.8505,-0.219859945,8
18-05-2019 09:00,1.2040424,1.242666667,0.038624232,9
18-05-2019 10:00,1.5170423,1.18475,-0.332292279,10
18-05-2019 11:00,1.277915,1.424833333,0.146918332,11
18-05-2019 12:00,1.4317317,1.50325,0.071518299,12
18-05-2019 13:00,1.4157176,1.52425,0.108532398,13
18-05-2019 14:00,1.328263,0.972583333,-0.355679711,14
18-05-2019 15:00,0.85681677,1.240916667,0.384099898,15
18-05-2019 16:00,0.8603381,0.873166667,0.012828575,16
18-05-2019 17:00,0.44246256,0.58275,0.140287436,17
18-05-2019 18:00,0.1759122,0.221333333,0.045421132,18
18-05-2019 19:00,0.06746636,0.065333333,-0.00213303,19
18-05-2019 20:00,0.020175684,0,-0.020175684,20
18-05-2019 21:00,0,0,-0.013269532,21
18-05-2019 22:00,0,0,-0.018587548,22
18-05-2019 23:00,0,0,-0.016526926,23
19-05-2019 00:00,0,0,-0.008013505,0
19-05-2019 01:00,0,0,-0.013328929,1
19-05-2019 02:00,0,0,-0.018569935,2
19-05-2019 03:00,0,0,-0.027118195,3
19-05-2019 04:00,0,0,-0.036167074,4
19-05-2019 05:00,0.04998182,0.02325,-0.026731821,5
19-05-2019 06:00,0.093481705,0.217333333,0.123851629,6
19-05-2019 07:00,0.3482053,0.552083333,0.203878035,7
19-05-2019 08:00,0.8104172,0.84075,0.030332825,8
19-05-2019 09:00,1.1169956,0.929583333,-0.18741224,9
19-05-2019 10:00,1.1163082,1.661083333,0.544775121,10
19-05-2019 11:00,1.7521594,1.200833333,-0.551326024,11
19-05-2019 12:00,1.1449459,1.05525,-0.08969586,12
19-05-2019 13:00,1.040756,0.465166667,-0.575589321,13
19-05-2019 14:00,0.59523934,1.474,0.878760659,14
19-05-2019 15:00,1.1674535,1.647583333,0.480129806,15
19-05-2019 16:00,1.0194532,1.1495,0.130046832,16
19-05-2019 17:00,0.5680143,0.555833333,-0.01218099,17
19-05-2019 18:00,0.16604413,0,-0.166044131,18
19-05-2019 19:00,0.029843736,0,-0.029843736,19
19-05-2019 20:00,0.02931853,0,-0.02931853,20
19-05-2019 21:00,0,0,-0.020544339,21
19-05-2019 22:00,0,0,-0.016808588,22
19-05-2019 23:00,0,0,-0.010089088,23
20-05-2019 00:00,0,0,1.39E-05,0
20-05-2019 01:00,0,0,-0.023154575,1
20-05-2019 02:00,0,0,-0.032098789,2
20-05-2019 03:00,0,0,-0.034625549,3
20-05-2019 04:00,0,0,-0.036640454,4
20-05-2019 05:00,0.046539742,0,-0.046539742,5
20-05-2019 06:00,0.007948834,0.021333333,0.013384499,6
20-05-2019 07:00,0.108580336,0.253,0.144419664,7
20-05-2019 08:00,0.44182315,0.431333333,-0.010489821,8
20-05-2019 09:00,0.60710794,0.398166667,-0.208941271,9
20-05-2019 10:00,0.58242136,0.354583333,-0.227838029,10
20-05-2019 11:00,0.5753668,0.47125,-0.104116795,11
20-05-2019 12:00,0.6657288,0.654333333,-0.011395474,12
20-05-2019 13:00,0.7906811,0.521333333,-0.26934779,13
20-05-2019 14:00,0.6076974,0.3435,-0.264197427,14
20-05-2019 15:00,0.4222414,0.099916667,-0.322324723,15
20-05-2019 16:00,0.17400366,0.001916667,-0.172086994,16
20-05-2019 17:00,0.07615499,0.011833333,-0.064321659,17
20-05-2019 18:00,0.060563643,0,-0.060563643,18
20-05-2019 19:00,0.0352798,0,-0.035279799,19
20-05-2019 20:00,0.022624332,0,-0.022624332,20
20-05-2019 21:00,0,0,-0.016710091,21
20-05-2019 22:00,0,0,-0.016653258,22
20-05-2019 23:00,0,0,-0.018153388,23
21-05-2019 00:00,0,0,-0.012483735,0
21-05-2019 01:00,0,0,-0.035565097,1
21-05-2019 02:00,0,0,-0.04109453,2
21-05-2019 03:00,0,0,-0.05357777,3
21-05-2019 04:00,0,0,-0.066161945,4
21-05-2019 05:00,0.082886204,0,-0.082886204,5
21-05-2019 06:00,0.09964876,0,-0.099648759,6
21-05-2019 07:00,0.19986379,0.026833333,-0.173030458,7
21-05-2019 08:00,0.3305563,0.322333333,-0.00822297,8
21-05-2019 09:00,0.67931855,0.566416667,-0.112901881,9
21-05-2019 10:00,0.93399286,1.20475,0.270757137,10
21-05-2019 11:00,1.5166885,1.31825,-0.198438466,11
21-05-2019 12:00,1.4624296,0.385166667,-1.077262976,12
21-05-2019 13:00,0.595326,0.409666667,-0.18565934,13
21-05-2019 14:00,0.6665659,0.250333333,-0.416232562,14
21-05-2019 15:00,0.47860405,0.295333333,-0.183270715,15
21-05-2019 16:00,0.4161649,0.241583333,-0.174581571,16
21-05-2019 17:00,0.2700468,0.127916667,-0.142130134,17
21-05-2019 18:00,0.10353224,0.023166667,-0.080365573,18
21-05-2019 19:00,0.042807955,0,-0.042807955,19
21-05-2019 20:00,0.020914752,0,-0.020914752,20
21-05-2019 21:00,0,0,-0.013645876,21
21-05-2019 22:00,0,0,-0.01828571,22
21-05-2019 23:00,0,0,-0.014856566,23
22-05-2019 00:00,0,0,-0.004196841,0
22-05-2019 01:00,0,0,-0.01409008,1
22-05-2019 02:00,0,0,-0.02400877,2
22-05-2019 03:00,0,0,-0.032085378,3
22-05-2019 04:00,0,0,-0.038869251,4
22-05-2019 05:00,0.05338343,0.013166667,-0.040216762,5
22-05-2019 06:00,0.08179368,0.19975,0.117956319,6
22-05-2019 07:00,0.41796052,0.612833333,0.194872809,7
22-05-2019 08:00,1.0491852,0.9125,-0.136685157,8
22-05-2019 09:00,1.434721,1.7035,0.268779007,9
22-05-2019 10:00,2.1518028,1.859083333,-0.292719445,10
22-05-2019 11:00,2.1609485,1.734166667,-0.426781848,11
22-05-2019 12:00,1.9944,2.495166667,0.500766642,12
22-05-2019 13:00,2.3900564,2.136833333,-0.253223038,13
22-05-2019 14:00,2.0917423,2.590666667,0.49892439,14
22-05-2019 15:00,2.1905417,2.239083333,0.048541589,15
22-05-2019 16:00,1.8386805,1.137083333,-0.701597172,16
22-05-2019 17:00,0.71721965,0.480083333,-0.237136317,17
22-05-2019 18:00,0.20889264,0.183083333,-0.02580931,18
22-05-2019 19:00,0.0915318,0.050833333,-0.040698465,19
22-05-2019 20:00,0.032160062,0,-0.032160062,20
22-05-2019 21:00,0,0,-0.019244302,21
22-05-2019 22:00,0,0,-0.014231283,22
22-05-2019 23:00,0,0,-0.003824729,23
23-05-2019 00:00,0,0,0.00517897,0
23-05-2019 01:00,0,0,0.003949743,1
23-05-2019 02:00,0,0,0.00465886,2
23-05-2019 03:00,0,0,-0.003339965,3
23-05-2019 04:00,0,0,-0.007143486,4
23-05-2019 05:00,0.018242676,0.016,-0.002242676,5
23-05-2019 06:00,0.11004819,0.123416667,0.013368477,6
23-05-2019 07:00,0.5739988,0.357833333,-0.216165476,7
23-05-2019 08:00,0.9918698,1.160666667,0.168796859,8
23-05-2019 09:00,1.7470459,1.768583333,0.021537459,9
23-05-2019 10:00,2.170158,2.213166667,0.043008757,10
23-05-2019 11:00,2.4337037,2.491333333,0.057629672,11
23-05-2019 12:00,2.5925002,2.643166667,0.050666457,12
23-05-2019 13:00,2.6270869,2.75525,0.128163122,13
23-05-2019 14:00,2.5855732,2.65225,0.066676804,14
23-05-2019 15:00,2.3666506,2.386166667,0.019516085,15
23-05-2019 16:00,1.9574654,2.01525,0.05778459,16
23-05-2019 17:00,1.2974077,1.302083333,0.004675587,17
23-05-2019 18:00,0.42738247,0.488083333,0.060700864,18
23-05-2019 19:00,0.100269064,0.11875,0.018480936,19
23-05-2019 20:00,0.010743994,0,-0.010743994,20
23-05-2019 21:00,0,0,0.007814687,21
23-05-2019 22:00,0,0,0.002322268,22
23-05-2019 23:00,0,0,0.003395062,23
24-05-2019 00:00,0,0,0.006612134,0
24-05-2019 01:00,0,0,-0.00655936,1
24-05-2019 02:00,0,0,-0.004582185,2
24-05-2019 03:00,0,0,-0.005422879,3
24-05-2019 04:00,0,0,-0.006465036,4
24-05-2019 05:00,0.016882945,0.096416667,0.079533722,5
24-05-2019 06:00,0.17252804,0.185083333,0.01255529,6
24-05-2019 07:00,0.63563687,0.398916667,-0.236720199,7
24-05-2019 08:00,0.9867763,1.18725,0.200473708,8
24-05-2019 09:00,1.7471882,1.791666667,0.044478456,9
24-05-2019 10:00,2.1706836,2.1895,0.018816378,10
24-05-2019 11:00,2.4100852,2.35825,-0.051835201,11
24-05-2019 12:00,2.4636781,2.250916667,-0.212761455,12
24-05-2019 13:00,2.3279922,2.47075,0.142757799,13
24-05-2019 14:00,2.3306057,2.19825,-0.132355745,14
24-05-2019 15:00,1.9549748,2.082416667,0.127441896,15
24-05-2019 16:00,1.6068244,1.30775,-0.299074398,16
24-05-2019 17:00,0.69095623,1.276666667,0.585710432,17
24-05-2019 18:00,0.42803717,0.442666667,0.0146295,18
24-05-2019 19:00,0.120160624,0.117416667,-0.002743958,19
24-05-2019 20:00,0.032729346,0,-0.032729346,20
24-05-2019 21:00,0,0,-0.020581383,21
24-05-2019 22:00,0,0,-0.018627394,22
24-05-2019 23:00,0,0,-0.012020368,23
25-05-2019 00:00,0,0,-0.00597288,0
25-05-2019 01:00,0,0,-0.006228107,1
25-05-2019 02:00,0,0,-0.009311784,2
25-05-2019 03:00,0,0,-0.001059819,3
25-05-2019 04:00,0,0,-0.010226149,4
25-05-2019 05:00,0.021574486,0,-0.021574486,5
25-05-2019 06:00,0.07451226,0.22975,0.155237742,6
25-05-2019 07:00,0.39853492,0.40825,0.009715076,7
25-05-2019 08:00,0.7401523,0.455333333,-0.284818966,8
25-05-2019 09:00,0.85008776,0.4295,-0.420587762,9
25-05-2019 10:00,0.7711717,0.32875,-0.442421689,10
25-05-2019 11:00,0.539953,0.34675,-0.193202993,11
25-05-2019 12:00,0.55202943,1.355666667,0.803637236,12
25-05-2019 13:00,1.3097571,2.897083333,1.58732622,13
25-05-2019 14:00,2.4228053,1.349166667,-1.073638643,14
25-05-2019 15:00,1.0806406,0.227666667,-0.852973888,15
25-05-2019 16:00,0.3133909,0.950083333,0.636692423,16
25-05-2019 17:00,0.7086452,1.054083333,0.345438109,17
25-05-2019 18:00,0.5315982,0.203583333,-0.328014877,18
25-05-2019 19:00,0.07909016,0,-0.079090163,19
25-05-2019 20:00,0.026145507,0,-0.026145507,20
25-05-2019 21:00,0,0,-0.013253856,21
25-05-2019 22:00,0,0,0.001071733,22
25-05-2019 23:00,0,0,0.01028968,23
26-05-2019 00:00,0,0,0.018877368,0
26-05-2019 01:00,0,0,-0.000203032,1
26-05-2019 02:00,0,0,-0.005788136,2
26-05-2019 03:00,0,0,-0.010000218,3
26-05-2019 04:00,0,0,-0.018099058,4
26-05-2019 05:00,0.026249934,0,-0.026249934,5
26-05-2019 06:00,0.061290164,0.20675,0.145459836,6
26-05-2019 07:00,0.4454516,0.688333333,0.242881746,7
26-05-2019 08:00,1.2001082,0.764833333,-0.435274837,8
26-05-2019 09:00,1.3008488,1.209083333,-0.091765508,9
26-05-2019 10:00,1.6106322,1.557166667,-0.053465515,10
26-05-2019 11:00,1.8320489,2.4855,0.653451107,11
26-05-2019 12:00,2.590559,1.79825,-0.792309006,12
26-05-2019 13:00,1.824355,1.241416667,-0.58293834,13
26-05-2019 14:00,1.315061,0.97325,-0.341810973,14
26-05-2019 15:00,1.0832283,0.831333333,-0.251895016,15
26-05-2019 16:00,0.8484133,0.67075,-0.177663289,16
26-05-2019 17:00,0.5249836,0.781,0.256016415,17
26-05-2019 18:00,0.34567413,0.449083333,0.103409206,18
26-05-2019 19:00,0.13379173,0.140583333,0.006791604,19
26-05-2019 20:00,0.039216954,0,-0.039216954,20
26-05-2019 21:00,0,0,-0.001788337,21
26-05-2019 22:00,0,0,-0.001561004,22
26-05-2019 23:00,0,0,0.000981372,23
27-05-2019 00:00,0,0,0.012098771,0
27-05-2019 01:00,0,0,0.005023461,1
27-05-2019 02:00,0,0,-0.007777798,2
27-05-2019 03:00,0,0,-0.009308208,3
27-05-2019 04:00,0,0,-0.018355716,4
27-05-2019 05:00,0.03946044,0.04675,0.007289561,5
27-05-2019 06:00,0.12694596,0.313916667,0.186970709,6
27-05-2019 07:00,0.625159,0.584916667,-0.040242359,7
27-05-2019 08:00,1.0725242,1.1455,0.07297581,8
27-05-2019 09:00,1.6432104,1.430833333,-0.212377078,9
27-05-2019 10:00,1.892653,1.862,-0.030652988,10
27-05-2019 11:00,2.139051,2.125083333,-0.013967627,11
27-05-2019 12:00,2.2469046,1.665916667,-0.580987945,12
27-05-2019 13:00,1.7573267,1.652,-0.105326722,13
27-05-2019 14:00,1.5718255,1.566583333,-0.005242171,14
27-05-2019 15:00,1.2812054,0.925666667,-0.355538749,15
27-05-2019 16:00,0.6415144,0.58625,-0.055264421,16
27-05-2019 17:00,0.2809126,0.440416667,0.159504059,17
27-05-2019 18:00,0.15317772,0.29475,0.141572277,18
27-05-2019 19:00,0.07703681,0.088166667,0.011129854,19
27-05-2019 20:00,0.024257649,0,-0.024257649,20
27-05-2019 21:00,0,0,0.003661078,21
27-05-2019 22:00,0,0,0.012841504,22
27-05-2019 23:00,0,0,0.016376387,23
28-05-2019 00:00,0,0,0.02202357,0
28-05-2019 01:00,0,0,0.021355968,1
28-05-2019 02:00,0,0,0.017597031,2
28-05-2019 03:00,0,0,0.004962665,3
28-05-2019 04:00,0,0,-0.013831068,4
28-05-2019 05:00,0.040579636,0,-0.040579636,5
28-05-2019 06:00,0.06515558,0,-0.065155581,6
28-05-2019 07:00,0.14326109,0.218833333,0.075572243,7
28-05-2019 08:00,0.4711389,0.206,-0.265138895,8
28-05-2019 09:00,0.45878884,0.1695,-0.289288842,9
28-05-2019 10:00,0.38792148,0.421833333,0.033911851,10
28-05-2019 11:00,0.62349993,0.54375,-0.07974993,11
28-05-2019 12:00,0.68147856,0.935833333,0.254354773,12
28-05-2019 13:00,0.9606877,0.9425,-0.018187697,13
28-05-2019 14:00,0.86563873,0.208083333,-0.6575554,14
28-05-2019 15:00,0.2963502,0.302916667,0.006566456,15
28-05-2019 16:00,0.36072683,0.334916667,-0.025810167,16
28-05-2019 17:00,0.28497198,0.250916667,-0.034055316,17
28-05-2019 18:00,0.14856313,0.248333333,0.099770202,18
28-05-2019 19:00,0.109010085,0.091916667,-0.017093419,19
28-05-2019 20:00,0.041120816,0,-0.041120816,20
28-05-2019 21:00,0,0,-0.007328767,21
28-05-2019 22:00,0,0,-0.008022178,22
28-05-2019 23:00,0,0,-0.005494523,23
29-05-2019 00:00,0,0,0.002979439,0
29-05-2019 01:00,0,0,-0.00577991,1
29-05-2019 02:00,0,0,-0.017519463,2
29-05-2019 03:00,0,0,-0.026919592,3
29-05-2019 04:00,0,0,-0.035071541,4
29-05-2019 05:00,0.052275855,0,-0.052275855,5
29-05-2019 06:00,0.07321374,0.046666667,-0.026547075,6
29-05-2019 07:00,0.24472651,0.28275,0.038023491,7
29-05-2019 08:00,0.65594673,0.52025,-0.135696732,8
29-05-2019 09:00,0.9675607,0.592416667,-0.375144042,9
29-05-2019 10:00,0.9879065,0.8075,-0.180406516,10
29-05-2019 11:00,1.1212243,1.20475,0.083525716,11
29-05-2019 12:00,1.4376367,1.409583333,-0.0280534,12
29-05-2019 13:00,1.4759191,0.674166667,-0.801752461,13
29-05-2019 14:00,0.7527621,1.762916667,1.010154587,14
29-05-2019 15:00,1.4551909,1.409333333,-0.045857564,15
29-05-2019 16:00,1.0330116,0.336666667,-0.696344889,16
29-05-2019 17:00,0.2568664,0.20725,-0.049616395,17
29-05-2019 18:00,0.11147867,0.171833333,0.060354662,18
29-05-2019 19:00,0.07067464,0.015416667,-0.055257976,19
29-05-2019 20:00,0.020885933,0,-0.020885933,20
29-05-2019 21:00,0,0,-0.017998595,21
29-05-2019 22:00,0,0,-0.014215041,22
29-05-2019 23:00,0,0,-0.004727054,23
30-05-2019 00:00,0,0,0.009877961,0
30-05-2019 01:00,0,0,0.006883394,1
30-05-2019 02:00,0,0,-0.003323693,2
30-05-2019 03:00,0,0,-0.008698363,3
30-05-2019 04:00,0,0,-0.008418281,4
30-05-2019 05:00,0.019746501,0.028666667,0.008920166,5
30-05-2019 06:00,0.086070076,0.202166667,0.116096591,6
30-05-2019 07:00,0.5559396,0.4115,-0.144439615,7
30-05-2019 08:00,1.117492,1.232,0.114508039,8
30-05-2019 09:00,1.8580056,1.847083333,-0.01092231,9
30-05-2019 10:00,2.2521787,2.307583333,0.055404664,10
30-05-2019 11:00,2.554378,2.6325,0.078121967,11
30-05-2019 12:00,2.7169783,2.790666667,0.073688355,12
30-05-2019 13:00,2.735145,2.830166667,0.095021575,13
30-05-2019 14:00,2.6593707,2.7455,0.086129339,14
30-05-2019 15:00,2.412691,2.509,0.096308884,15
30-05-2019 16:00,2.0142658,2.129166667,0.114900891,16
30-05-2019 17:00,1.4283011,1.456583333,0.028282237,17
30-05-2019 18:00,0.49694887,0.55375,0.056801132,18
30-05-2019 19:00,0.1316215,0.097666667,-0.033954828,19
30-05-2019 20:00,0.022435118,0,-0.022435118,20
30-05-2019 21:00,0,0,0.001088452,21
30-05-2019 22:00,0,0,0.00440998,22
30-05-2019 23:00,0,0,0.00318585,23
31-05-2019 00:00,0,0,0.000737261,0
31-05-2019 01:00,0,0,-0.005400318,1
31-05-2019 02:00,0,0,-0.001983065,2
31-05-2019 03:00,0,0,-0.009525616,3
31-05-2019 04:00,0,0,-0.0123774,4
31-05-2019 05:00,0.019220043,0.03025,0.011029957,5
31-05-2019 06:00,0.16106744,0.088666667,-0.072400774,6
31-05-2019 07:00,0.62365544,0.334083333,-0.289572105,7
31-05-2019 08:00,1.0625525,1.178916667,0.116364215,8
31-05-2019 09:00,1.8595845,1.783916667,-0.075667784,9
31-05-2019 10:00,2.3001661,2.23775,-0.06241613,10
31-05-2019 11:00,2.573027,2.53125,-0.041776896,11
31-05-2019 12:00,2.7422082,2.698583333,-0.043624909,12
31-05-2019 13:00,2.8021023,2.7405,-0.061602327,13
31-05-2019 14:00,2.7344594,2.65375,-0.0807094,14
31-05-2019 15:00,2.518488,2.421333333,-0.097154597,15
31-05-2019 16:00,2.0908515,2.063583333,-0.027268212,16
31-05-2019 17:00,1.4100473,1.4105,0.000452707,17
31-05-2019 18:00,0.4766101,0.531,0.054389906,18
31-05-2019 19:00,0.12451474,0.158916667,0.034401923,19
31-05-2019 20:00,0.032921303,0,-0.032921303,20
31-05-2019 21:00,0,0,0.010830563,21
31-05-2019 22:00,0,0,0.014102053,22
31-05-2019 23:00,0,0,0.014249217,23
01-06-2019 00:00,0,0,0.013721716,0
01-06-2019 01:00,0,0,-0.017068017,1
01-06-2019 02:00,0,0,-0.016119141,2
01-06-2019 03:00,0,0,-0.006622899,3
01-06-2019 04:00,0,0,-0.004788238,4
01-06-2019 05:00,0.010413934,0,-0.010413934,5
01-06-2019 06:00,0.15534727,0.04975,-0.105597273,6
01-06-2019 07:00,0.511295,0.334833333,-0.176461687,7
01-06-2019 08:00,1.0130714,1.143666667,0.130595249,8
01-06-2019 09:00,1.7533501,1.758416667,0.005066528,9
01-06-2019 10:00,2.2239585,2.1975,-0.026458492,10
01-06-2019 11:00,2.5076795,2.502333333,-0.005346129,11
01-06-2019 12:00,2.671681,2.652833333,-0.018847594,12
01-06-2019 13:00,2.7219586,2.640833333,-0.081125304,13
01-06-2019 14:00,2.6298761,2.544166667,-0.08570947,14
01-06-2019 15:00,2.4346724,2.3875,-0.047172356,15
01-06-2019 16:00,2.110981,2.016833333,-0.094147654,16
01-06-2019 17:00,1.4556866,1.406416667,-0.049269903,17
01-06-2019 18:00,0.60995066,0.557583333,-0.052367328,18
01-06-2019 19:00,0.15903063,0.16325,0.004219369,19
01-06-2019 20:00,0.042165358,0,-0.042165358,20
01-06-2019 21:00,0,0,0.014373731,21
01-06-2019 22:00,0,0,0.008845847,22
01-06-2019 23:00,0,0,0.007457089,23
02-06-2019 00:00,0,0,0.006802183,0
02-06-2019 01:00,0,0,-0.012325305,1
02-06-2019 02:00,0,0,-0.014870483,2
02-06-2019 03:00,0,0,-0.004135061,3
02-06-2019 04:00,0,0,0.003191423,4
02-06-2019 05:00,0.009077329,0,-0.009077329,5
02-06-2019 06:00,0.13118427,0.042833333,-0.088350932,6
02-06-2019 07:00,0.5333988,0.324666667,-0.20873214,7
02-06-2019 08:00,0.9758536,1.149666667,0.173813045,8
02-06-2019 09:00,1.7684741,1.749,-0.019474102,9
02-06-2019 10:00,2.2081938,2.180083333,-0.028110446,10
02-06-2019 11:00,2.4703312,2.457166667,-0.013164525,11
02-06-2019 12:00,2.5962744,2.59725,0.000975624,12
02-06-2019 13:00,2.6169531,2.624333333,0.007380199,13
02-06-2019 14:00,2.5451407,2.534333333,-0.01080741,14
02-06-2019 15:00,2.3292863,2.301416667,-0.02786967,15
02-06-2019 16:00,1.9399799,1.975166667,0.035186756,16
02-06-2019 17:00,1.3885028,1.366166667,-0.02233617,17
02-06-2019 18:00,0.64263207,0.525416667,-0.117215401,18
02-06-2019 19:00,0.15388168,0.15725,0.003368316,19
02-06-2019 20:00,0.043273825,0,-0.043273825,20
02-06-2019 21:00,0,0,0.015644263,21
02-06-2019 22:00,0,0,0.009191852,22
02-06-2019 23:00,0,0,0.003890883,23
03-06-2019 00:00,0,0,0.000279319,0
03-06-2019 01:00,0,0,0.020364773,1
03-06-2019 02:00,0,0,-0.010890145,2
03-06-2019 03:00,0,0,-0.005340982,3
03-06-2019 04:00,0,0,-0.003030766,4
03-06-2019 05:00,0.022071857,0,-0.022071857,5
03-06-2019 06:00,0.11267428,0.021416667,-0.091257614,6
03-06-2019 07:00,0.48983034,0.333333333,-0.156497012,7
03-06-2019 08:00,0.9836782,1.128166667,0.144488445,8
03-06-2019 09:00,1.7312784,1.711416667,-0.019861753,9
03-06-2019 10:00,2.134811,2.117083333,-0.017727591,10
03-06-2019 11:00,2.366039,2.432666667,0.066627629,11
03-06-2019 12:00,2.5233529,2.25925,-0.264102861,12
03-06-2019 13:00,2.3340836,2.44,0.105916443,13
03-06-2019 14:00,2.3077543,1.149166667,-1.158587612,14
03-06-2019 15:00,1.0594364,1.1935,0.13406356,15
03-06-2019 16:00,0.9312341,1.010583333,0.079349212,16
03-06-2019 17:00,0.6031578,0.537666667,-0.065491152,17
03-06-2019 18:00,0.20147969,0.152416667,-0.049063022,18
03-06-2019 19:00,0.060781915,0.022166667,-0.038615248,19
03-06-2019 20:00,0.01855876,0,-0.018558759,20
03-06-2019 21:00,0,0,0.00249682,21
03-06-2019 22:00,0,0,0.014698964,22
03-06-2019 23:00,0,0,0.025217723,23
04-06-2019 00:00,0,0,0.029085051,0
04-06-2019 01:00,0,0,0.012748551,1
04-06-2019 02:00,0,0,0.013909589,2
04-06-2019 03:00,0,0,0.001703065,3
04-06-2019 04:00,0,0,-0.013531435,4
04-06-2019 05:00,0.034737337,0.00825,-0.026487337,5
04-06-2019 06:00,0.11317454,0.299083333,0.185908791,6
04-06-2019 07:00,0.63196325,0.500333333,-0.13162992,7
04-06-2019 08:00,0.9263815,1.128,0.201618472,8
04-06-2019 09:00,1.6584736,1.680916667,0.022443056,9
04-06-2019 10:00,2.0661185,2.078583333,0.012464855,10
04-06-2019 11:00,2.2929063,2.375666667,0.082760382,11
04-06-2019 12:00,2.4297295,2.503416667,0.073687205,12
04-06-2019 13:00,2.4209137,2.502333333,0.081419637,13
04-06-2019 14:00,2.3094254,2.41575,0.106324646,14
04-06-2019 15:00,2.0653996,2.20275,0.137350353,15
04-06-2019 16:00,1.66594,1.898166667,0.23222662,16
04-06-2019 17:00,1.1444905,1.28975,0.14525952,17
04-06-2019 18:00,0.46066463,0.49125,0.03058537,18
04-06-2019 19:00,0.12830706,0.11775,-0.010557059,19
04-06-2019 20:00,0.02669843,0,-0.026698429,20
04-06-2019 21:00,0,0,-0.004557449,21
04-06-2019 22:00,0,0,0.006970715,22
04-06-2019 23:00,0,0,0.016515654,23
05-06-2019 00:00,0,0,0.02297182,0
05-06-2019 01:00,0,0,0.004309874,1
05-06-2019 02:00,0,0,0.020787161,2
05-06-2019 03:00,0,0,0.009492289,3
05-06-2019 04:00,0,0,-0.004626859,4
05-06-2019 05:00,0.032539982,0,-0.032539982,5
05-06-2019 06:00,0.090742216,0.18225,0.091507784,6
05-06-2019 07:00,0.46352264,0.362166667,-0.101355976,7
05-06-2019 08:00,0.86215127,0.978583333,0.116432068,8
05-06-2019 09:00,1.4878552,1.711666667,0.223811471,9
05-06-2019 10:00,2.0804136,2.093083333,0.012669753,10
05-06-2019 11:00,2.2657127,2.3865,0.120787262,11
05-06-2019 12:00,2.3599408,2.51725,0.157309233,12
05-06-2019 13:00,2.321501,2.189833333,-0.131667683,13
05-06-2019 14:00,1.9057038,2.028666667,0.122962884,14
05-06-2019 15:00,1.5779433,2.0125,0.434556675,15
05-06-2019 16:00,1.3305604,0.7345,-0.596060446,16
05-06-2019 17:00,0.37742954,0.432916667,0.055487122,17
05-06-2019 18:00,0.18097253,0.1685,-0.012472531,18
05-06-2019 19:00,0.06358601,0.0185,-0.045086012,19
05-06-2019 20:00,0.032792915,0,-0.032792915,20
05-06-2019 21:00,0,0,-0.023338366,21
05-06-2019 22:00,0,0,-0.009419013,22
05-06-2019 23:00,0,0,-0.005146998,23
06-06-2019 00:00,0,0,-0.001416076,0
06-06-2019 01:00,0,0,-0.022181083,1
06-06-2019 02:00,0,0,-0.008851815,2
06-06-2019 03:00,0,0,-0.005649942,3
06-06-2019 04:00,0,0,-0.022667427,4
06-06-2019 05:00,0.029310126,0,-0.029310126,5
06-06-2019 06:00,0.04730617,0,-0.047306169,6
06-06-2019 07:00,0.09978904,0,-0.099789038,7
06-06-2019 08:00,0.25061104,0.126333333,-0.124277704,8
06-06-2019 09:00,0.44297057,0.230916667,-0.212053907,9
06-06-2019 10:00,0.49848098,0.364083333,-0.134397642,10
06-06-2019 11:00,0.5925749,0.386166667,-0.206408228,11
06-06-2019 12:00,0.57470524,0.5365,-0.038205243,12
06-06-2019 13:00,0.67841053,0.499166667,-0.179243863,13
06-06-2019 14:00,0.5888352,0.606583333,0.017748154,14
06-06-2019 15:00,0.6326687,0.542833333,-0.089835341,15
06-06-2019 16:00,0.51942825,0.77425,0.254821747,16
06-06-2019 17:00,0.60646254,0.759666667,0.153204128,17
06-06-2019 18:00,0.43264663,0.294666667,-0.137979966,18
06-06-2019 19:00,0.070428625,0.119833333,0.049404709,19
06-06-2019 20:00,0.006600368,0.00025,-0.006350368,20
06-06-2019 21:00,0,0,0.018040162,21
06-06-2019 22:00,0,0,0.005447459,22
06-06-2019 23:00,0,0,0.002358239,23
07-06-2019 00:00,0,0,0.004350793,0
07-06-2019 01:00,0,0,-0.000840653,1
07-06-2019 02:00,0,0,-0.009704936,2
07-06-2019 03:00,0,0,-0.022834945,3
07-06-2019 04:00,0,0,-0.036329824,4
07-06-2019 05:00,0.052390207,0,-0.052390207,5
07-06-2019 06:00,0.09749131,0.167416667,0.069925358,6
07-06-2019 07:00,0.35862333,0.35425,-0.004373326,7
07-06-2019 08:00,0.6744828,0.537916667,-0.136566156,8
07-06-2019 09:00,0.90640855,1.3245,0.418091452,9
07-06-2019 10:00,1.6834488,2.211583333,0.528134542,10
07-06-2019 11:00,2.3352354,2.515416667,0.180181309,11
07-06-2019 12:00,2.4716027,2.663083333,0.191480655,12
07-06-2019 13:00,2.5145288,2.688583333,0.174054582,13
07-06-2019 14:00,2.4515889,2.578666667,0.127077798,14
07-06-2019 15:00,2.2192535,1.732583333,-0.486670207,15
07-06-2019 16:00,1.3475084,1.526083333,0.178574903,16
07-06-2019 17:00,0.88766676,0.527583333,-0.360083429,17
07-06-2019 18:00,0.22576834,0.233333333,0.007564991,18
07-06-2019 19:00,0.1310672,0,-0.131067201,19
07-06-2019 20:00,0.0325598,0,-0.032559801,20
07-06-2019 21:00,0,0,-0.025624502,21
07-06-2019 22:00,0,0,-0.016568113,22
07-06-2019 23:00,0,0,-0.010736156,23
08-06-2019 00:00,0,0,-0.000892181,0
08-06-2019 01:00,0,0,-0.001662213,1
08-06-2019 02:00,0,0,-0.009523917,2
08-06-2019 03:00,0,0,-0.029529799,3
08-06-2019 04:00,0,0,-0.046242822,4
08-06-2019 05:00,0.06691261,0,-0.066912606,5
08-06-2019 06:00,0.14628427,0.116583333,-0.029700934,6
08-06-2019 07:00,0.3736274,0.412083333,0.038455939,7
08-06-2019 08:00,0.8379984,0.917,0.07900161,8
08-06-2019 09:00,1.468354,1.783583333,0.315229347,9
08-06-2019 10:00,2.2199817,2.264333333,0.044351663,10
08-06-2019 11:00,2.5010893,2.548916667,0.047827332,11
08-06-2019 12:00,2.66109,2.715833333,0.054743436,12
08-06-2019 13:00,2.7369254,2.74275,0.005824636,13
08-06-2019 14:00,2.6938,2.648166667,-0.045633306,14
08-06-2019 15:00,2.5204432,2.4345,-0.085943201,15
08-06-2019 16:00,2.166755,2.083833333,-0.082921628,16
08-06-2019 17:00,1.6063243,1.470833333,-0.135490982,17
08-06-2019 18:00,0.6611692,0.5545,-0.106669171,18
08-06-2019 19:00,0.17263584,0.181583333,0.008947495,19
08-06-2019 20:00,0.062031914,0,-0.062031914,20
08-06-2019 21:00,0,0,0.002375376,21
08-06-2019 22:00,0,0,0.005489778,22
08-06-2019 23:00,0,0,0.009365689,23
09-06-2019 00:00,0,0,0.01596139,0
09-06-2019 01:00,0,0,0.011251461,1
09-06-2019 02:00,0,0,-0.009598512,2
09-06-2019 03:00,0,0,-0.011141974,3
09-06-2019 04:00,0,0,-0.013996948,4
09-06-2019 05:00,0.029872824,0.09375,0.063877176,5
09-06-2019 06:00,0.1512761,0.289833333,0.138557237,6
09-06-2019 07:00,0.6001936,0.528083333,-0.072110286,7
09-06-2019 08:00,1.0728852,0.399916667,-0.672968489,8
09-06-2019 09:00,0.85430163,0.438583333,-0.415718298,9
09-06-2019 10:00,0.8327791,0.42425,-0.408529109,10
09-06-2019 11:00,0.67942965,0.784166667,0.104737016,11
09-06-2019 12:00,0.9904176,0.8255,-0.1649176,12
09-06-2019 13:00,0.95844173,1.04475,0.086308266,13
09-06-2019 14:00,1.0806363,0.455416667,-0.625219596,14
09-06-2019 15:00,0.5124897,0.73575,0.223260324,15
09-06-2019 16:00,0.78199446,0.87225,0.090255538,16
09-06-2019 17:00,0.7565954,0.661333333,-0.09526204,17
09-06-2019 18:00,0.41154367,0.378833333,-0.032710334,18
09-06-2019 19:00,0.11610331,0.045916667,-0.07018664,19
09-06-2019 20:00,0.008127589,0,-0.008127589,20
09-06-2019 21:00,0,0,0.004308355,21
09-06-2019 22:00,0,0,0.015146982,22
09-06-2019 23:00,0,0,0.020844769,23
10-06-2019 00:00,0,0,0.031835806,0
10-06-2019 01:00,0,0,0.003117364,1
10-06-2019 02:00,0,0,-0.013663907,2
10-06-2019 03:00,0,0,-0.023403782,3
10-06-2019 04:00,0,0,-0.029376496,4
10-06-2019 05:00,0.043939997,0,-0.043939997,5
10-06-2019 06:00,0.06930263,0.064666667,-0.004635967,6
10-06-2019 07:00,0.317103,0.379583333,0.062480335,7
10-06-2019 08:00,0.8026837,0.84025,0.037566289,8
10-06-2019 09:00,1.3601539,1.540166667,0.180012753,9
10-06-2019 10:00,2.0455782,0.43375,-1.611828241,10
10-06-2019 11:00,0.7045149,0.550916667,-0.153598254,11
10-06-2019 12:00,0.8660463,0.011833333,-0.854212976,12
10-06-2019 13:00,0.40393272,0.043833333,-0.360099387,13
10-06-2019 14:00,0.41043854,0.319083333,-0.091355204,14
10-06-2019 15:00,0.5278717,0.954333333,0.426461605,15
10-06-2019 16:00,0.8349757,0.484916667,-0.350059053,16
10-06-2019 17:00,0.4277284,0.0985,-0.329228415,17
10-06-2019 18:00,0.11039902,0.030416667,-0.079982356,18
10-06-2019 19:00,0.048384,0,-0.048384,19
10-06-2019 20:00,0.018746544,0,-0.018746544,20
10-06-2019 21:00,0,0,-0.010172654,21
10-06-2019 22:00,0,0,-0.014595706,22
10-06-2019 23:00,0,0,-0.01881196,23
11-06-2019 00:00,0,0,-0.012614895,0
11-06-2019 01:00,0,0,-0.004933137,1
11-06-2019 02:00,0,0,-0.01250552,2
11-06-2019 03:00,0,0,-0.022028524,3
11-06-2019 04:00,0,0,-0.033259381,4
11-06-2019 05:00,0.046589334,0.02025,-0.026339334,5
11-06-2019 06:00,0.09941636,0.327833333,0.228416973,6
11-06-2019 07:00,0.5975958,0.35075,-0.246845811,7
11-06-2019 08:00,0.5921724,0.340833333,-0.251339051,8
11-06-2019 09:00,0.64354575,0.309583333,-0.333962413,9
11-06-2019 10:00,0.5722809,0.255083333,-0.31719755,10
11-06-2019 11:00,0.5417975,0.462333333,-0.079464185,11
11-06-2019 12:00,0.6850965,0.861083333,0.175986831,12
11-06-2019 13:00,0.9694843,1.179416667,0.209932337,13
11-06-2019 14:00,1.1085101,0.304583333,-0.803926803,14
11-06-2019 15:00,0.37974408,0.215583333,-0.164160749,15
11-06-2019 16:00,0.34567282,0.5055,0.159827184,16
11-06-2019 17:00,0.46849003,0.814,0.345509966,17
11-06-2019 18:00,0.5015739,0.533166667,0.031592746,18
11-06-2019 19:00,0.20930657,0.11925,-0.090056568,19
11-06-2019 20:00,0.023821045,0.006166667,-0.017654378,20
11-06-2019 21:00,0,0,-0.004701245,21
11-06-2019 22:00,0,0,-0.018763531,22
11-06-2019 23:00,0,0,-0.023939628,23
12-06-2019 00:00,0,0,-0.01673593,0
12-06-2019 01:00,0,0,-0.005454469,1
12-06-2019 02:00,0,0,-0.013881046,2
12-06-2019 03:00,0,0,-0.025157142,3
12-06-2019 04:00,0,0,-0.038680036,4
12-06-2019 05:00,0.060571063,0,-0.060571063,5
12-06-2019 06:00,0.0784917,0,-0.078491703,6
12-06-2019 07:00,0.13285138,0.10925,-0.023601377,7
12-06-2019 08:00,0.32830912,0.597416667,0.269107548,8
12-06-2019 09:00,0.9200542,1.100166667,0.180112469,9
12-06-2019 10:00,1.4250361,1.95125,0.526213927,10
12-06-2019 11:00,2.1724787,2.348166667,0.175687991,11
12-06-2019 12:00,2.362693,2.256083333,-0.106609738,12
12-06-2019 13:00,2.1815841,2.272916667,0.091332547,13
12-06-2019 14:00,2.0860076,2.833416667,0.747409072,14
12-06-2019 15:00,2.3542638,0.988583333,-1.365680449,15
12-06-2019 16:00,0.7839436,0.939916667,0.155973073,16
12-06-2019 17:00,0.66250336,0.248083333,-0.414420028,17
12-06-2019 18:00,0.17005862,0.144583333,-0.02547529,18
12-06-2019 19:00,0.096602276,0.09275,-0.003852276,19
12-06-2019 20:00,0.039244164,0,-0.039244164,20
12-06-2019 21:00,0,0,-0.011547465,21
12-06-2019 22:00,0,0,-0.004549849,22
12-06-2019 23:00,0,0,0.00604285,23
13-06-2019 00:00,0,0,0.012906116,0
13-06-2019 01:00,0,0,-0.001555282,1
13-06-2019 02:00,0,0,-0.01349454,2
13-06-2019 03:00,0,0,-0.028536309,3
13-06-2019 04:00,0,0,-0.041282166,4
13-06-2019 05:00,0.05614068,0.015166667,-0.040974013,5
13-06-2019 06:00,0.109056845,0.271666667,0.162609821,6
13-06-2019 07:00,0.70173335,0.5385,-0.163233351,7
13-06-2019 08:00,1.1766905,1.19825,0.021559541,8
13-06-2019 09:00,1.7597368,1.75875,-0.000986776,9
13-06-2019 10:00,2.1431124,2.232416667,0.089304246,10
13-06-2019 11:00,2.4276183,2.569,0.141381735,11
13-06-2019 12:00,2.6154628,2.674583333,0.059120553,12
13-06-2019 13:00,2.6370556,2.756833333,0.119777698,13
13-06-2019 14:00,2.595407,2.7035,0.108092991,14
13-06-2019 15:00,2.4141035,2.383583333,-0.030520175,15
13-06-2019 16:00,1.9848815,1.903833333,-0.081048187,16
13-06-2019 17:00,1.3142964,1.430166667,0.115870302,17
13-06-2019 18:00,0.6022016,0.542416667,-0.059784914,18
13-06-2019 19:00,0.15732576,0.18975,0.03242424,19
13-06-2019 20:00,0.042839576,0.00175,-0.041089576,20
13-06-2019 21:00,0,0,-0.004991669,21
13-06-2019 22:00,0,0,-0.001532603,22
13-06-2019 23:00,0,0,0.005665463,23
14-06-2019 00:00,0,0,0.011355978,0
14-06-2019 01:00,0,0,0.004794401,1
14-06-2019 02:00,0,0,0.000403386,2
14-06-2019 03:00,0,0,-0.008527387,3
14-06-2019 04:00,0,0,-0.009242792,4
14-06-2019 05:00,0.02342974,0.089916667,0.066486926,5
14-06-2019 06:00,0.18895915,0.325166667,0.136207515,6
14-06-2019 07:00,0.7253547,0.527583333,-0.197771338,7
14-06-2019 08:00,1.0709878,1.125083333,0.054095513,8
14-06-2019 09:00,1.6711334,1.745666667,0.074533268,9
14-06-2019 10:00,2.1217468,1.95975,-0.161996778,10
14-06-2019 11:00,2.207901,1.628916667,-0.578984334,11
14-06-2019 12:00,1.8703669,1.62325,-0.247116931,12
14-06-2019 13:00,1.7468971,2.608583333,0.861686232,13
14-06-2019 14:00,2.293767,2.097583333,-0.196183642,14
14-06-2019 15:00,1.8526827,2.148416667,0.295733957,15
14-06-2019 16:00,1.6883914,1.31475,-0.373641447,16
14-06-2019 17:00,0.8632336,0.67225,-0.190983626,17
14-06-2019 18:00,0.27969438,0.5,0.220305622,18
14-06-2019 19:00,0.15416677,0.102666667,-0.051500106,19
14-06-2019 20:00,0.028605808,0.002166667,-0.026439141,20
14-06-2019 21:00,0,0,-0.010518242,21
14-06-2019 22:00,0,0,0.002213639,22
14-06-2019 23:00,0,0,0.009375673,23
15-06-2019 00:00,0,0,-0.000459302,0
15-06-2019 01:00,0,0,-0.001184571,1
15-06-2019 02:00,0,0,0.002504062,2
15-06-2019 03:00,0,0,-0.008287419,3
15-06-2019 04:00,0,0,-0.020001877,4
15-06-2019 05:00,0.03840341,0,-0.03840341,5
15-06-2019 06:00,0.094280586,0.231333333,0.137052748,6
15-06-2019 07:00,0.51460755,0.510166667,-0.004440882,7
15-06-2019 08:00,0.9109853,0.861,-0.049985291,8
15-06-2019 09:00,1.2899367,1.488416667,0.198480005,9
15-06-2019 10:00,1.832604,1.33775,-0.494854051,10
15-06-2019 11:00,1.5980858,1.358583333,-0.239502428,11
15-06-2019 12:00,1.479909,2.434416667,0.954507723,12
15-06-2019 13:00,2.2440155,1.636333333,-0.607682122,13
15-06-2019 14:00,1.4617902,2.215833333,0.754043129,14
15-06-2019 15:00,1.7474614,1.940416667,0.192955228,15
15-06-2019 16:00,1.3730408,0.657916667,-0.715124129,16
15-06-2019 17:00,0.44974032,0.140916667,-0.308823654,17
15-06-2019 18:00,0.113772556,0.004666667,-0.10910589,18
15-06-2019 19:00,0.040708203,0,-0.040708203,19
15-06-2019 20:00,0.0041246,0,-0.0041246,20
15-06-2019 21:00,0,0,-0.010472227,21
15-06-2019 22:00,0,0,-0.010932911,22
15-06-2019 23:00,0,0,-0.004354763,23
16-06-2019 00:00,0,0,0.006123286,0
16-06-2019 01:00,0,0,-0.007371593,1
16-06-2019 02:00,0,0,-0.019111294,2
16-06-2019 03:00,0,0,-0.021268118,3
16-06-2019 04:00,0,0,-0.02589174,4
16-06-2019 05:00,0.039067257,0.010833333,-0.028233924,5
16-06-2019 06:00,0.1151108,0.233833333,0.118722534,6
16-06-2019 07:00,0.47335732,0.414833333,-0.058523986,7
16-06-2019 08:00,0.786734,0.946916667,0.160182682,8
16-06-2019 09:00,1.4500868,1.7345,0.284413168,9
16-06-2019 10:00,2.1699305,0.992083333,-1.177847125,10
16-06-2019 11:00,1.2846967,1.025416667,-0.259280032,11
16-06-2019 12:00,1.2291046,2.272916667,1.043812029,12
16-06-2019 13:00,2.2823677,2.75475,0.472382294,13
16-06-2019 14:00,2.4898174,2.069916667,-0.419900714,14
16-06-2019 15:00,1.8703934,1.6455,-0.224893395,15
16-06-2019 16:00,1.3719014,2.180666667,0.808765274,16
16-06-2019 17:00,1.4702001,1.193833333,-0.276366728,17
16-06-2019 18:00,0.54851365,0.480833333,-0.067680318,18
16-06-2019 19:00,0.13080157,0.204666667,0.073865093,19
16-06-2019 20:00,0.03840174,0.004083333,-0.034318408,20
16-06-2019 21:00,0,0,0.017709237,21
16-06-2019 22:00,0,0,0.025327396,22
16-06-2019 23:00,0,0,0.021504801,23
17-06-2019 00:00,0,0,0.019180756,0
17-06-2019 01:00,0,0,0.01508401,1
17-06-2019 02:00,0,0,-0.000429857,2
17-06-2019 03:00,0,0,-0.002842832,3
17-06-2019 04:00,0,0,-0.010418285,4
17-06-2019 05:00,0.029388089,0,-0.029388089,5
17-06-2019 06:00,0.14337294,0.058166667,-0.085206271,6
17-06-2019 07:00,0.5765019,0.401666667,-0.174835239,7
17-06-2019 08:00,1.0625218,1.313583333,0.251061518,8
17-06-2019 09:00,1.8715441,1.491416667,-0.380127456,9
17-06-2019 10:00,1.9699384,2.151833333,0.181894936,10
17-06-2019 11:00,2.40067,2.299583333,-0.101086718,11
17-06-2019 12:00,2.474787,2.576416667,0.10162967,12
17-06-2019 13:00,2.5617478,2.642666667,0.080918877,13
17-06-2019 14:00,2.502403,2.46175,-0.040653021,14
17-06-2019 15:00,2.231836,2.367666667,0.135830586,15
17-06-2019 16:00,1.9310716,2.011833333,0.080761694,16
17-06-2019 17:00,1.3568588,1.426,0.06914115,17
17-06-2019 18:00,0.59607005,0.554833333,-0.041236718,18
17-06-2019 19:00,0.1320756,0.163333333,0.03125774,19
17-06-2019 20:00,0.01862343,0,-0.01862343,20
17-06-2019 21:00,0,0,0.005942476,21
17-06-2019 22:00,0,0,0.003054958,22
17-06-2019 23:00,0,0,0.008161526,23
18-06-2019 00:00,0,0,0.01460148,0
18-06-2019 01:00,0,0,0.004672897,1
18-06-2019 02:00,0,0,0.002514672,2
18-06-2019 03:00,0,0,-0.006394792,3
18-06-2019 04:00,0,0,-0.0201598,4
18-06-2019 05:00,0.04538058,0,-0.045380581,5
18-06-2019 06:00,0.12746046,0.0505,-0.076960465,6
18-06-2019 07:00,0.5284333,0.35175,-0.176683323,7
18-06-2019 08:00,1.0009826,1.106416667,0.105434024,8
18-06-2019 09:00,1.7415972,1.6565,-0.085097176,9
18-06-2019 10:00,2.1282,2.089833333,-0.038366721,10
18-06-2019 11:00,2.377336,2.4025,0.025163975,11
18-06-2019 12:00,2.527187,2.364583333,-0.162603776,12
18-06-2019 13:00,2.416658,1.5315,-0.885157925,13
18-06-2019 14:00,1.6198261,1.298083333,-0.321742745,14
18-06-2019 15:00,1.1858003,0.453666667,-0.732133647,15
18-06-2019 16:00,0.5808326,0.257416667,-0.323415934,16
18-06-2019 17:00,0.27462152,0.371166667,0.09654515,17
18-06-2019 18:00,0.18928666,0.424666667,0.235380003,18
18-06-2019 19:00,0.12386356,0.196583333,0.07271977,19
18-06-2019 20:00,0.042171616,0.000416667,-0.041754949,20
18-06-2019 21:00,0,0,0.002930235,21
18-06-2019 22:00,0,0,0.004413914,22
18-06-2019 23:00,0,0,0.018624526,23
19-06-2019 00:00,0,0,0.024454873,0
19-06-2019 01:00,0,0,0.011113208,1
19-06-2019 02:00,0,0,0.014047425,2
19-06-2019 03:00,0,0,0.003643375,3
19-06-2019 04:00,0,0,-0.00850581,4
19-06-2019 05:00,0.032260884,0,-0.032260884,5
19-06-2019 06:00,0.1136425,0.028416667,-0.085225832,6
19-06-2019 07:00,0.48565012,0.3335,-0.152150122,7
19-06-2019 08:00,0.98811173,1.135166667,0.147054932,8
19-06-2019 09:00,1.6990066,1.666583333,-0.032423224,9
19-06-2019 10:00,2.0907066,2.103833333,0.013126746,10
19-06-2019 11:00,2.3504229,2.397583333,0.047160474,11
19-06-2019 12:00,2.483286,2.547083333,0.063797429,12
19-06-2019 13:00,2.4935727,2.083666667,-0.409906045,13
19-06-2019 14:00,2.0354052,1.411916667,-0.623488492,14
19-06-2019 15:00,1.2770522,2.407083333,1.130031169,15
19-06-2019 16:00,1.6361183,2.018333333,0.382215041,16
19-06-2019 17:00,1.1406316,1.415416667,0.27478511,17
19-06-2019 18:00,0.5206534,0.469583333,-0.051070093,18
19-06-2019 19:00,0.096564546,0.052916667,-0.04364788,19
19-06-2019 20:00,-0.004206133,0,0.004206133,20
19-06-2019 21:00,0,0,0.002839428,21
19-06-2019 22:00,0,0,0.005836469,22
19-06-2019 23:00,0,0,0.010460149,23
20-06-2019 00:00,0,0,0.014585894,0
20-06-2019 01:00,0,0,-0.004945326,1
20-06-2019 02:00,0,0,-0.00233056,2
20-06-2019 03:00,0,0,-0.010091085,3
20-06-2019 04:00,0,0,-0.020618279,4
20-06-2019 05:00,0.04137202,0.02925,-0.01212202,5
20-06-2019 06:00,0.102813944,0.250083333,0.147269389,6
20-06-2019 07:00,0.61211234,0.526,-0.086112343,7
20-06-2019 08:00,1.0903568,0.939,-0.151356827,8
20-06-2019 09:00,1.451911,0.248333333,-1.203577639,9
20-06-2019 10:00,0.6084886,0.95625,0.347761381,10
20-06-2019 11:00,1.1812643,0.576333333,-0.604930948,11
20-06-2019 12:00,0.83033854,1.117916667,0.287578129,12
20-06-2019 13:00,1.1801722,1.835333333,0.655161128,13
20-06-2019 14:00,1.6331038,2.153083333,0.519979486,14
20-06-2019 15:00,1.6851585,2.086833333,0.401674842,15
20-06-2019 16:00,1.5000759,2.21575,0.715674064,16
20-06-2019 17:00,1.4044598,0.665833333,-0.738626501,17
20-06-2019 18:00,0.33352062,0.0275,-0.306020621,18
20-06-2019 19:00,0.04302733,0.007,-0.03602733,19
20-06-2019 20:00,0.021513391,0,-0.021513391,20
20-06-2019 21:00,0,0,-0.017019261,21
20-06-2019 22:00,0,0,-0.019866634,22
20-06-2019 23:00,0,0,-0.01398303,23
21-06-2019 00:00,0,0,-0.005695629,0
21-06-2019 01:00,0,0,-0.00692125,1
21-06-2019 02:00,0,0,-0.012919355,2
21-06-2019 03:00,0,0,-0.019891996,3
21-06-2019 04:00,0,0,-0.027576644,4
21-06-2019 05:00,0.04068469,0.037083333,-0.003601356,5
21-06-2019 06:00,0.11467059,0.321333333,0.206662744,6
21-06-2019 07:00,0.6528787,0.554,-0.098878702,7
21-06-2019 08:00,0.98683685,0.871416667,-0.115420184,8
21-06-2019 09:00,1.3221099,0.753083333,-0.569026604,9
21-06-2019 10:00,1.1478684,0.579833333,-0.568035062,10
21-06-2019 11:00,0.9050134,1.901333333,0.996319951,11
21-06-2019 12:00,2.0816436,1.979833333,-0.101810248,12
21-06-2019 13:00,1.9453815,1.627833333,-0.317548189,13
21-06-2019 14:00,1.4949783,0.9795,-0.515478309,14
21-06-2019 15:00,1.0124148,1.349833333,0.33741852,15
21-06-2019 16:00,1.1150439,0.523833333,-0.591210545,16
21-06-2019 17:00,0.52370757,0.429083333,-0.094624235,17
21-06-2019 18:00,0.29575256,0.173166667,-0.122585888,18
21-06-2019 19:00,0.0974329,0.0125,-0.084932896,19
21-06-2019 20:00,0.028970141,0,-0.028970141,20
21-06-2019 21:00,0,0,-0.021160025,21
21-06-2019 22:00,0,0,-0.019906808,22
21-06-2019 23:00,0,0,-0.018963147,23
22-06-2019 00:00,0,0,-0.014176834,0
22-06-2019 01:00,0,0,-0.014327724,1
22-06-2019 02:00,0,0,-0.004775453,2
22-06-2019 03:00,0,0,-0.008280594,3
22-06-2019 04:00,0,0,-0.017346997,4
22-06-2019 05:00,0.03311785,0,-0.033117849,5
22-06-2019 06:00,0.078803286,0.001083333,-0.077719953,6
22-06-2019 07:00,0.20526014,0.299333333,0.094073191,7
22-06-2019 08:00,0.60361147,0.550416667,-0.053194803,8
22-06-2019 09:00,0.9280808,0.200666667,-0.727414131,9
22-06-2019 10:00,0.5008837,0.377,-0.123883698,10
22-06-2019 11:00,0.66621876,0.4105,-0.255718758,11
22-06-2019 12:00,0.6799745,0.659916667,-0.02005783,12
22-06-2019 13:00,0.8449127,0.8795,0.034587292,13
22-06-2019 14:00,0.9520001,1.22925,0.277249918,14
22-06-2019 15:00,1.1095616,1.43675,0.327188437,15
22-06-2019 16:00,1.081709,2.061333333,0.979624306,16
22-06-2019 17:00,1.2674569,0.88875,-0.378706889,17
22-06-2019 18:00,0.48772117,0.2995,-0.188221175,18
22-06-2019 19:00,0.10215379,0,-0.102153793,19
22-06-2019 20:00,0.021228839,0,-0.021228839,20
22-06-2019 21:00,0,0,-0.011964012,21
22-06-2019 22:00,0,0,0.000219714,22
22-06-2019 23:00,0,0,-0.00226267,23
23-06-2019 00:00,0,0,0.002217811,0
23-06-2019 01:00,0,0,-0.00091495,1
23-06-2019 02:00,0,0,-0.007019359,2
23-06-2019 03:00,0,0,-0.011126298,3
23-06-2019 04:00,0,0,-0.019362766,4
23-06-2019 05:00,0.028911132,0,-0.028911132,5
23-06-2019 06:00,0.038636554,0.18375,0.145113446,6
23-06-2019 07:00,0.5444736,0.460166667,-0.084306922,7
23-06-2019 08:00,1.0332323,1.022833333,-0.010398998,8
23-06-2019 09:00,1.5938824,1.382666667,-0.211215775,9
23-06-2019 10:00,1.8339181,2.00575,0.171831905,10
23-06-2019 11:00,2.2844977,1.53875,-0.745747738,11
23-06-2019 12:00,1.7353694,2.271666667,0.536297223,12
23-06-2019 13:00,2.2600472,2.593,0.332952803,13
23-06-2019 14:00,2.3608682,2.511916667,0.151048451,14
23-06-2019 15:00,2.1380973,2.341416667,0.20331938,15
23-06-2019 16:00,1.8165246,1.988416667,0.171892042,16
23-06-2019 17:00,1.3280097,1.270083333,-0.057926391,17
23-06-2019 18:00,0.6315162,0.455333333,-0.176182885,18
23-06-2019 19:00,0.14301835,0.122083333,-0.020935017,19
23-06-2019 20:00,0.041018892,0.001583333,-0.039435559,20
23-06-2019 21:00,0,0,0.002797347,21
23-06-2019 22:00,0,0,0.011153799,22
23-06-2019 23:00,0,0,0.013645571,23
24-06-2019 00:00,0,0,0.012653273,0
24-06-2019 01:00,0,0,0.00214098,1
24-06-2019 02:00,0,0,-0.016166169,2
24-06-2019 03:00,0,0,-0.01115166,3
24-06-2019 04:00,0,0,-0.016162623,4
24-06-2019 05:00,0.034867723,0,-0.034867723,5
24-06-2019 06:00,0.14073919,0.027916667,-0.112822521,6
24-06-2019 07:00,0.50579596,0.3115,-0.194295956,7
24-06-2019 08:00,0.92851573,1.101583333,0.173067601,8
24-06-2019 09:00,1.6750178,1.681,0.005982166,9
24-06-2019 10:00,2.0989542,2.102166667,0.003212466,10
24-06-2019 11:00,2.3460407,2.381166667,0.035125941,11
24-06-2019 12:00,2.481649,2.53775,0.056101078,12
24-06-2019 13:00,2.5096257,2.552333333,0.04270766,13
24-06-2019 14:00,2.4199636,2.476166667,0.056203068,14
24-06-2019 15:00,2.2214494,2.108666667,-0.112782708,15
24-06-2019 16:00,1.7307409,1.795833333,0.065092429,16
24-06-2019 17:00,1.1690726,1.336166667,0.167094039,17
24-06-2019 18:00,0.5495202,0.444166667,-0.105353528,18
24-06-2019 19:00,0.12893246,0.1405,0.011567539,19
24-06-2019 20:00,0.03819262,0.000916667,-0.037275952,20
24-06-2019 21:00,0,0,-0.012151856,21
24-06-2019 22:00,0,0,-0.005231697,22
24-06-2019 23:00,0,0,0.002819818,23
25-06-2019 00:00,0,0,0.010531466,0
25-06-2019 01:00,0,0,-0.006389904,1
25-06-2019 02:00,0,0,0.006134671,2
25-06-2019 03:00,0,0,0.003216963,3
25-06-2019 04:00,0,0,-0.012346257,4
25-06-2019 05:00,0.034849126,0,-0.034849126,5
25-06-2019 06:00,0.12452941,0.063833333,-0.060696073,6
25-06-2019 07:00,0.4833537,0.36975,-0.113603704,7
25-06-2019 08:00,1.0141771,1.0565,0.042322916,8
25-06-2019 09:00,1.6995413,1.600333333,-0.099207997,9
25-06-2019 10:00,2.1128476,2.022333333,-0.090514233,10
25-06-2019 11:00,2.3726428,2.345583333,-0.027059422,11
25-06-2019 12:00,2.519077,2.52125,0.002172937,12
25-06-2019 13:00,2.5367665,2.522833333,-0.013933196,13
25-06-2019 14:00,2.4291124,2.273916667,-0.155195768,14
25-06-2019 15:00,2.1085157,2.251916667,0.143400927,15
25-06-2019 16:00,1.837684,1.912666667,0.074982631,16
25-06-2019 17:00,1.315656,1.240833333,-0.074822613,17
25-06-2019 18:00,0.59053284,0.523416667,-0.067116173,18
25-06-2019 19:00,0.16665338,0.173833333,0.007179954,19
25-06-2019 20:00,0.043390173,0,-0.043390173,20
25-06-2019 21:00,0,0,-0.007475186,21
25-06-2019 22:00,0,0,-0.004158098,22
25-06-2019 23:00,0,0,-0.001248676,23
26-06-2019 00:00,0,0,-0.002566445,0
26-06-2019 01:00,0,0,-0.014206577,1
26-06-2019 02:00,0,0,-0.001886178,2
26-06-2019 03:00,0,0,0.001925122,3
26-06-2019 04:00,0,0,-0.010388274,4
26-06-2019 05:00,0.027124513,0,-0.027124513,5
26-06-2019 06:00,0.15695359,0.007583333,-0.149370255,6
26-06-2019 07:00,0.4750449,0.356916667,-0.118128239,7
26-06-2019 08:00,1.0799913,1.03125,-0.048741341,8
26-06-2019 09:00,1.7432879,1.577333333,-0.165954588,9
26-06-2019 10:00,2.1843977,1.992583333,-0.191814364,10
26-06-2019 11:00,2.452083,2.25825,-0.193833111,11
26-06-2019 12:00,2.5609787,2.416916667,-0.144061984,12
26-06-2019 13:00,2.561898,2.454666667,-0.107231326,13
26-06-2019 14:00,2.458016,2.3825,-0.075515919,14
26-06-2019 15:00,2.2453513,2.189166667,-0.056184648,15
26-06-2019 16:00,1.8959526,1.8705,-0.025452582,16
26-06-2019 17:00,1.3588095,1.311916667,-0.046892804,17
26-06-2019 18:00,0.63165265,0.502833333,-0.12881932,18
26-06-2019 19:00,0.18042067,0.159583333,-0.020837334,19
26-06-2019 20:00,0.046333272,0.000916667,-0.045416605,20
26-06-2019 21:00,0,0,-0.003456879,21
26-06-2019 22:00,0,0,0.00653432,22
26-06-2019 23:00,0,0,0.015787851,23
27-06-2019 00:00,0,0,0.021442097,0
27-06-2019 01:00,0,0,-0.00181036,1
27-06-2019 02:00,0,0,-0.00069477,2
27-06-2019 03:00,0,0,0.008809488,3
27-06-2019 04:00,0,0,0.010943722,4
27-06-2019 05:00,0.004286039,0,-0.004286039,5
27-06-2019 06:00,0.1442614,0,-0.144261405,6
27-06-2019 07:00,0.39798415,0.341,-0.056984147,7
27-06-2019 08:00,1.0331382,1.02175,-0.011388156,8
27-06-2019 09:00,1.7158903,1.563333333,-0.152556955,9
27-06-2019 10:00,2.1587613,1.985416667,-0.173344596,10
27-06-2019 11:00,2.4366615,2.2565,-0.180161482,11
27-06-2019 12:00,2.5480576,2.398833333,-0.149224223,12
27-06-2019 13:00,2.5276647,2.419833333,-0.107831328,13
27-06-2019 14:00,2.399009,2.308333333,-0.090675656,14
27-06-2019 15:00,2.1502588,2.14525,-0.00500878,15
27-06-2019 16:00,1.7854853,1.81725,0.031764732,16
27-06-2019 17:00,1.2619547,1.30425,0.042295335,17
27-06-2019 18:00,0.6465965,0.506333333,-0.140263158,18
27-06-2019 19:00,0.16505967,0.17375,0.008690329,19
27-06-2019 20:00,0.03738283,0.002833333,-0.034549497,20
27-06-2019 21:00,0,0,0.015935134,21
27-06-2019 22:00,0,0,0.015608352,22
27-06-2019 23:00,0,0,0.017412763,23
28-06-2019 00:00,0,0,0.012524199,0
28-06-2019 01:00,0,0,-0.013540585,1
28-06-2019 02:00,0,0,-0.016955364,2
28-06-2019 03:00,0,0,-0.00232907,3
28-06-2019 04:00,0,0,0.008154791,4
28-06-2019 05:00,0.009283919,0,-0.009283919,5
28-06-2019 06:00,0.15664043,0.0015,-0.155140425,6
28-06-2019 07:00,0.4637003,0.365,-0.098700294,7
28-06-2019 08:00,1.0710877,1.01975,-0.051337718,8
28-06-2019 09:00,1.7037587,1.561833333,-0.141925383,9
28-06-2019 10:00,2.1384895,2,-0.138489485,10
28-06-2019 11:00,2.417025,2.303583333,-0.113441756,11
28-06-2019 12:00,2.5468235,2.468416667,-0.078406835,12
28-06-2019 13:00,2.543276,2.518416667,-0.024859405,13
28-06-2019 14:00,2.4468737,2.457916667,0.011043002,14
28-06-2019 15:00,2.2311745,2.239333333,0.008158864,15
28-06-2019 16:00,1.8399221,2.031166667,0.191244596,16
28-06-2019 17:00,1.3919977,1.499083333,0.107085638,17
28-06-2019 18:00,0.73351806,0.579666667,-0.153851397,18
28-06-2019 19:00,0.18801668,0.229166667,0.041149984,19
28-06-2019 20:00,0.06386702,0.005333333,-0.058533684,20
28-06-2019 21:00,0,0,0.010345172,21
28-06-2019 22:00,0,0,0.008930724,22
28-06-2019 23:00,0,0,0.009941828,23
29-06-2019 00:00,0,0,0.009740483,0
29-06-2019 01:00,0,0,-0.004683215,1
29-06-2019 02:00,0,0,-0.003875065,2
29-06-2019 03:00,0,0,0.008039337,3
29-06-2019 04:00,0,0,0.008676242,4
29-06-2019 05:00,0.015277673,0,-0.015277673,5
29-06-2019 06:00,0.12127845,0.015916667,-0.105361783,6
29-06-2019 07:00,0.46822336,0.289083333,-0.17914003,7
29-06-2019 08:00,0.9773777,1.081833333,0.104455621,8
29-06-2019 09:00,1.7089355,1.667583333,-0.041352166,9
29-06-2019 10:00,2.1505318,2.101916667,-0.048615102,10
29-06-2019 11:00,2.4071972,2.375666667,-0.03153057,11
29-06-2019 12:00,2.514294,2.526416667,0.012122758,12
29-06-2019 13:00,2.5187612,2.551916667,0.033155509,13
29-06-2019 14:00,2.3923118,2.46525,0.072938189,14
29-06-2019 15:00,2.1575716,2.275916667,0.118345112,15
29-06-2019 16:00,1.8098539,1.961666667,0.151812755,16
29-06-2019 17:00,1.2941189,1.431833333,0.137714452,17
29-06-2019 18:00,0.7250942,0.536083333,-0.189010866,18
29-06-2019 19:00,0.16835617,0.203416667,0.035060501,19
29-06-2019 20:00,0.056525696,0.00525,-0.051275696,20
29-06-2019 21:00,0,0,0.019993555,21
29-06-2019 22:00,0,0,0.013946842,22
29-06-2019 23:00,0,0,0.009195905,23
30-06-2019 00:00,0,0,0.005447727,0
30-06-2019 01:00,0,0,-0.012343813,1
30-06-2019 02:00,0,0,-0.025339145,2
30-06-2019 03:00,0,0,-0.00681119,3
30-06-2019 04:00,0,0,0.005440128,4
30-06-2019 05:00,-0.003349375,0,0.003349375,5
30-06-2019 06:00,0.101618364,0.016583333,-0.085035031,6
30-06-2019 07:00,0.48131624,0.316,-0.165316239,7
30-06-2019 08:00,1.0022494,1.039083333,0.036833973,8
30-06-2019 09:00,1.715553,1.591166667,-0.124386379,9
30-06-2019 10:00,2.1514833,1.990333333,-0.161149964,10
30-06-2019 11:00,2.4003117,2.279166667,-0.121145042,11
30-06-2019 12:00,2.5204606,2.447333333,-0.073127272,12
30-06-2019 13:00,2.5153215,2.477,-0.038321493,13
30-06-2019 14:00,2.4102566,2.396166667,-0.014089958,14
30-06-2019 15:00,2.191097,2.190083333,-0.001013688,15
30-06-2019 16:00,1.8375472,1.799833333,-0.03771385,16
30-06-2019 17:00,1.2925854,1.180583333,-0.11200204,17
30-06-2019 18:00,0.7352948,0.522083333,-0.213211486,18
30-06-2019 19:00,0.20715292,0.176833333,-0.030319585,19
30-06-2019 20:00,0.05671068,0.00575,-0.050960679,20
30-06-2019 21:00,0,0,0.022317689,21
30-06-2019 22:00,0,0,0.029084276,22
30-06-2019 23:00,0,0,0.017398726,23
